tinyos-main-apps-BaseStation.ihex,0x72,0xa5,0x76,0xfa,0x2e,0xf4,0xa2,0xbf,0x96,0xf5,0xfa,0xa3,0x1a,0x8d,0x7a,0xe6,0xda,0xb9,0xfa,0xbf,0xae,0xbe,0xf6,0xc7,0x8a,0xe9,0x56,0xf4,0xf2,0x80,0xc2,0xac
nonbeacon-enabled-TestActiveScan-coordinator.ihex,0xfc,0x7c,0x84,0xe4,0x60,0xf2,0xf4,0x83,0x74,0xc6,0x8c,0xef,0x28,0x86,0xa0,0xdb,0xfc,0xfe,0xf4,0xd0,0xe4,0xfa,0xe8,0xce,0x24,0xbe,0x3c,0xfa,0x18,0xac,0x2c,0xad
tinyos-main-apps-Blink.ihex,0x8a,0x9a,0x62,0xd1,0xfe,0x53,0xba,0xfd,0xca,0xf7,0x4a,0xf1,0x26,0xc6,0xda,0x7d,0x6e,0xb3,0x9e,0x74,0xbe,0x70,0x72,0x66,0x42,0xb2,0xf6,0xfe,0x96,0xa3,0x46,0x84
apps-MOE-MOE-BaseStation.ihex,0xfa,0x8c,0x6a,0xd2,0xe2,0xa8,0x72,0xf2,0xd2,0x92,0xa2,0xf7,0xb2,0xaf,0x8a,0xc1,0x2a,0xa8,0xc6,0x9d,0x6a,0xb0,0x7a,0xa7,0x2e,0x97,0x2e,0xc0,0x12,0x8e,0xa6,0xc4
apps-MOE-MOE-Attack_replay.ihex,0x3e,0x89,0xe6,0x81,0xe2,0xb8,0xa6,0xed,0xc2,0x98,0xb6,0xc8,0xd2,0xa1,0x62,0x90,0xda,0x83,0x4e,0xf3,0x52,0xee,0x7a,0x90,0x7e,0x9a,0xee,0xb2,0x0a,0x8c,0xaa,0xee
apps-MOE-MOE-BroadCast.ihex,0x42,0xa8,0x26,0x9e,0x7e,0xbf,0x6a,0xd2,0x5a,0x84,0xa6,0xac,0x5a,0x9e,0xf2,0xe4,0xba,0xba,0x52,0xb0,0x36,0x7e,0xf6,0xb9,0xaa,0xdc,0x8e,0xd6,0x2e,0xf1,0xf2,0x8a
tinyos-main-apps-MultihopOscilloscope.ihex,0x0a,0xf7,0x0a,0xc4,0xe6,0xe2,0x9e,0xe7,0x96,0xea,0xd2,0xfc,0xf6,0xed,0xfa,0xc4,0xf6,0xec,0x66,0xf0,0xaa,0xf0,0x5e,0xe1,0x26,0xd1,0xae,0xdb,0x7e,0xbf,0x76,0xf3
tinyos-main-apps-MultihopOscilloscopeLqi.ihex,0xda,0x9f,0xfa,0xec,0x9e,0xc6,0x56,0xfa,0x7a,0xc8,0x1e,0xa4,0x86,0xc2,0xb6,0xdd,0xd2,0xb1,0x2a,0xc0,0x62,0xeb,0x5e,0xc7,0xc6,0xb9,0xf2,0xfb,0xf6,0xa6,0xf2,0xdd
tinyos-main-apps-Null.ihex,0xc6,0x8f,0x66,0x59,0xfe,0xfe,0xae,0x5b,0x26,0x7b,0x9a,0x6d,0x06,0xbd,0x7e,0x9e,0x0a,0x9e,0x06,0xa4,0xfa,0xb3,0x1e,0x8f,0x22,0xbd,0xc2,0x59,0xca,0xf9,0x16,0x6f
tinyos-main-apps-Oscilloscope.ihex,0x64,0xa9,0x84,0xf9,0xb0,0x8e,0xcc,0x90,0x48,0xbc,0xd8,0x8b,0x28,0xe4,0x94,0xf8,0xdc,0xaf,0x84,0xa7,0x38,0xbf,0x4c,0xa2,0x00,0xd3,0xa4,0xa3,0x1c,0xa6,0x90,0xae
tinyos-main-apps-Powerup.ihex,0xec,0xac,0x38,0xbb,0x08,0xd6,0xa0,0xcd,0x24,0x59,0x58,0x5b,0xe0,0x4f,0x00,0xfc,0x98,0x79,0xf8,0xee,0x64,0xbd,0x80,0xda,0x6c,0x5b,0xdc,0x61,0x00,0xa7,0xcc,0xcc
tinyos-main-apps-PPPSniffer.ihex,0x4e,0xcd,0x26,0xc0,0x36,0xb4,0x3a,0xca,0x66,0x9b,0x3e,0xe8,0xd2,0xee,0x92,0xf3,0x32,0xe4,0x32,0xdc,0xfe,0x91,0xa6,0xba,0x06,0xea,0xb2,0xf8,0xb2,0xa1,0xf6,0xa0
tinyos-main-apps-Sense.ihex,0x3c,0xd9,0xc8,0xbd,0x70,0x68,0x10,0x72,0x84,0xc9,0xec,0x66,0xf8,0x8b,0x24,0xf5,0x74,0x91,0x94,0xb2,0x60,0x65,0x54,0xba,0x74,0xff,0x04,0xa4,0xb0,0x99,0xa0,0x9b
L1-Secure-Coordinator-src.ihex,0x0e,0xf7,0xe6,0xa6,0x5a,0x98,0xe2,0xf7,0x52,0xa9,0xc6,0xc9,0x4a,0xd8,0x1e,0x95,0xc6,0xbb,0x9a,0xca,0x2e,0xb8,0xc6,0xa3,0x0e,0xaf,0xf2,0xf0,0xce,0xae,0x6e,0xf8
L1-Secure-End-Device-src.ihex,0x5a,0x8f,0x52,0xaf,0x1a,0xd9,0x7e,0xd7,0xfa,0xc8,0xaa,0xb8,0x16,0xbc,0x0e,0xfc,0x12,0xee,0x46,0x9f,0xd2,0xea,0xe2,0xe1,0x0e,0xde,0x6e,0xde,0x5e,0xad,0x66,0xa4
IEEE802154-Coordinator-src.ihex,0x3c,0xa9,0x30,0xd4,0x60,0xd3,0x70,0xe0,0xf8,0xc1,0xd4,0xe6,0x2c,0xf4,0xe0,0xf0,0xbc,0xb0,0xa8,0xdd,0x88,0xd8,0x9c,0xd7,0x78,0xaf,0xe4,0xc2,0x20,0xdc,0xc4,0xdf
IEEE802154-End-Device-src.ihex,0xb6,0xe8,0x66,0xbf,0xee,0xf0,0xa2,0x9c,0x66,0xe0,0x26,0xa0,0xfe,0xa3,0xce,0xc0,0x3e,0xb7,0x92,0xc7,0xe2,0xcd,0x4e,0xe5,0x56,0xf6,0x5e,0xb6,0xba,0xd3,0x9a,0xc0
tinyos-main-apps-TCPEcho.ihex,0x3c,0xea,0x68,0xd1,0x08,0xf5,0x30,0xe1,0xe8,0xd2,0x4c,0xd8,0xb0,0xdf,0xe0,0xed,0x24,0xd3,0x4c,0xea,0x64,0xd7,0x10,0xfa,0x5c,0xcd,0xb0,0xe5,0x9c,0xd6,0xbc,0xd4
tests-TestFtsp-FtspLplBeaconer.ihex,0x48,0x9a,0xe0,0xb0,0x18,0xaf,0x5c,0xda,0x84,0xff,0x00,0xa8,0xfc,0xdc,0x64,0x8e,0x88,0xee,0x4c,0xe0,0x5c,0xae,0xbc,0xb5,0x4c,0xab,0xb4,0x98,0x40,0xa2,0x30,0x8c
tests-TestFtsp-FtspLpl.ihex,0xe2,0xcc,0xd2,0xbb,0x3a,0xdc,0x66,0xf7,0x1a,0xbd,0x6a,0xbe,0xca,0x8e,0x96,0xdf,0xb6,0xe8,0xe2,0xa8,0xc6,0x9c,0x4e,0xde,0x7e,0x93,0xfe,0xa9,0x1e,0xa7,0x6e,0xf6
apps-tests-TestTimerSync.ihex,0x5a,0xc4,0x76,0xd5,0x36,0x83,0xe2,0x6d,0xba,0x92,0x5e,0x8b,0x02,0xba,0x8e,0xad,0xea,0xe6,0xfa,0xdd,0x32,0xc4,0x92,0xa5,0xce,0xe5,0xaa,0xfa,0x3a,0x91,0x1a,0xbc
apps-tests-LinkBench.ihex,0x28,0xc5,0x98,0xc3,0x80,0xe2,0x70,0xb5,0x1c,0xeb,0x0c,0xb7,0x24,0xa8,0x40,0x95,0xa4,0xfa,0x2c,0xd8,0xc0,0xc4,0x24,0xbb,0xd0,0x98,0xf0,0xdb,0x08,0xd9,0x84,0xa3
apps-tests-TestPowerup.ihex,0x64,0x89,0x18,0xce,0x20,0x89,0xf8,0xca,0xe0,0x5f,0xa8,0x70,0xa0,0xda,0xa8,0x7a,0x64,0xf0,0x80,0xf9,0x78,0xd1,0xcc,0x91,0xd8,0x58,0x90,0x63,0x30,0x99,0x18,0xb7
apps-tests-TestEui.ihex,0xda,0xfc,0x8e,0x89,0x46,0xce,0x0a,0xe1,0x92,0xdb,0x3a,0xc3,0x52,0xc2,0x5e,0xdd,0x96,0x81,0x62,0xc1,0xa6,0x8c,0x66,0xc8,0x72,0xe7,0x56,0xfc,0xd2,0xa4,0x82,0xe4
apps-tests-TestScheduler.ihex,0x82,0x7b,0xc6,0x62,0x12,0xb2,0xf6,0x69,0xda,0x93,0x06,0xcd,0x5a,0x63,0x36,0xcd,0x2a,0xdc,0x2e,0x94,0x7a,0xb5,0xd6,0x76,0xf6,0xc8,0x8a,0xce,0xba,0xdf,0x86,0xed
apps-tests-TestLocalTime.ihex,0x46,0xfe,0xba,0x63,0x4a,0xd4,0xae,0x57,0xf2,0x96,0x2e,0x68,0x6a,0x86,0x06,0xf1,0xfa,0xfc,0xb6,0xae,0x7a,0xcb,0xa6,0xbf,0xfa,0xe8,0x5a,0x70,0x32,0x99,0xe6,0x77
apps-tests-TestSrp.ihex,0x74,0xe3,0xe4,0xca,0x00,0xa6,0x4c,0xde,0xd0,0xe0,0xf4,0x9e,0x7c,0x9a,0x10,0xf2,0xb0,0xc3,0x5c,0xe8,0xd8,0xb7,0xa4,0xcb,0xb4,0xa5,0xfc,0xaa,0x9c,0xc2,0x6c,0xcc
cc2420-TestSecurity-RadioCountToLeds1.ihex,0xaa,0xf8,0x8e,0xbe,0xfa,0xe6,0x86,0xa6,0xea,0xee,0xb2,0x89,0x1e,0x85,0x7a,0xde,0x32,0xb0,0xba,0x95,0x92,0xa9,0xea,0x9f,0x06,0x87,0xce,0xcd,0xf6,0xfa,0xc6,0x94
cc2420-TestSecurity-BaseStation.ihex,0x26,0x9a,0x86,0x84,0x8a,0x8c,0x0a,0xf3,0xd6,0x9e,0xa2,0xcf,0x26,0xa9,0x8e,0xfb,0x2e,0xff,0x5e,0xf8,0xe2,0x8a,0x36,0x8a,0xfe,0xcf,0xb6,0xe0,0xb2,0xc4,0x46,0xae
tests-cc2420-LplUnicastPeriodicDelivery.ihex,0x80,0x88,0x7c,0xbb,0x14,0x85,0x9c,0xa2,0x98,0xbd,0x28,0xb4,0x54,0xa5,0x08,0x88,0x10,0xf1,0x34,0xb0,0xa4,0x80,0x1c,0x88,0x78,0x94,0x68,0xbc,0x3c,0x79,0x64,0x83
tests-cc2420-TestAcks.ihex,0x4a,0xd0,0x4a,0xde,0x56,0xcc,0xfe,0xe6,0x9e,0xe4,0x22,0x76,0x06,0xe9,0x2a,0x8a,0x5e,0xce,0x66,0xb6,0x2e,0xaa,0x2e,0xdf,0xea,0xf0,0x52,0xb2,0xda,0xbf,0x02,0x90
tests-cc2420-LplBroadcastPeriodicDelivery.ihex,0x60,0xb0,0xc8,0xa3,0x84,0xc4,0xac,0xe0,0xe4,0xf8,0xb0,0xa2,0x1c,0xd8,0x48,0xa6,0x00,0xda,0xd0,0xb7,0x14,0x99,0x6c,0xfc,0xe4,0x82,0x38,0xee,0xc4,0xb2,0x94,0x83
tests-tkn154-packetsniffer.ihex,0x66,0xfa,0x2a,0x8f,0x76,0xb1,0x5e,0xf0,0x6e,0xa4,0x6e,0xca,0xb6,0xcd,0x26,0xeb,0x0e,0xa1,0xee,0xb6,0x2e,0xd1,0xde,0x93,0x7a,0xe0,0x7e,0xee,0xd2,0xb1,0x32,0xa7
beacon-enabled-TestIndirect-coordinator.ihex,0x44,0xf6,0xa0,0xb9,0x48,0xed,0x54,0xeb,0x50,0xc0,0x6c,0xbc,0x6c,0xdc,0xc0,0xdc,0x58,0xc4,0x5c,0xee,0x0c,0xb3,0xec,0xcc,0x50,0xd0,0xc4,0xbb,0xa8,0xfe,0xf8,0xa0
beacon-enabled-TestIndirect-device.ihex,0x5e,0xaa,0xb2,0x9f,0xea,0xa2,0xd2,0xed,0xce,0xc1,0x76,0xb1,0x1a,0xe6,0x96,0xa4,0x4e,0x9b,0x7e,0xe8,0x62,0xc2,0x5a,0xa5,0x6e,0x9e,0xaa,0xa3,0x42,0xae,0x92,0xd6
beacon-enabled-TestData-coordinator.ihex,0xc4,0xfd,0x10,0xeb,0xa8,0xe9,0x60,0xbd,0x78,0xa1,0xa8,0xf5,0x58,0xba,0xa0,0xc5,0xb0,0xae,0x14,0xe9,0x70,0xc7,0xe8,0xe0,0x7c,0xa8,0xb8,0xea,0xa4,0xf3,0x6c,0xd9
beacon-enabled-TestData-device.ihex,0xe2,0xf0,0xd2,0xd7,0x22,0xf8,0x1e,0xcb,0x46,0xe0,0x62,0xef,0x3a,0xf3,0x1e,0xb4,0xb2,0xef,0xd2,0xe5,0x4a,0xd1,0x96,0xda,0x0a,0xf9,0x4a,0xd3,0x2e,0xa9,0x16,0xbe
beacon-enabled-TestMultihop-router.ihex,0xce,0xed,0xde,0xfa,0x46,0xec,0xe6,0xdd,0x32,0xe9,0x96,0xc6,0xfa,0xc5,0xaa,0xbe,0x32,0xce,0xd2,0xe2,0x16,0xf3,0x82,0xd2,0x7a,0xec,0x3a,0xe6,0x26,0xe6,0xb6,0xc2
beacon-enabled-TestMultihop-device.ihex,0xa8,0xed,0xe0,0xb9,0xd8,0xd9,0x18,0xf5,0x7c,0xa9,0x28,0xb6,0x68,0xf4,0xcc,0xa3,0x48,0xe2,0xc4,0xa6,0xbc,0xbf,0xb0,0xbb,0x20,0xd3,0x84,0xf5,0xe4,0xf8,0xf4,0xc6
beacon-enabled-TestMultihop-pancoord.ihex,0xc4,0xf4,0x28,0xc6,0xe8,0xde,0x6c,0xc2,0x00,0xbf,0x8c,0xaf,0x64,0xd5,0xa8,0xd4,0xb0,0xdd,0xb4,0xd3,0xe4,0xcd,0x50,0xef,0xb4,0xb4,0x9c,0xb8,0x68,0xb1,0x50,0xd7
beacon-enabled-TestAssociate-coordinator.ihex,0xe4,0xea,0xf4,0xf8,0xf4,0xb0,0xb4,0xea,0x4c,0xbd,0x00,0xda,0x10,0xde,0xac,0xc4,0x60,0xca,0xa8,0xeb,0x1c,0xff,0xd0,0xbb,0x1c,0xcc,0x38,0xce,0xa0,0xa5,0xec,0xd8
beacon-enabled-TestAssociate-device.ihex,0xd2,0xca,0x66,0xa6,0x56,0xad,0x3e,0xa3,0xde,0xe5,0xf2,0xf7,0xaa,0xac,0x26,0xb5,0x4a,0xf5,0x2a,0xd6,0xea,0xe1,0x6a,0xfb,0xf2,0xf9,0x82,0xd7,0x96,0xfd,0xde,0xc3
beacon-enabled-TestGTS-coordinator.ihex,0x98,0xfb,0x54,0xe4,0xa0,0xdc,0x14,0xdc,0x34,0xf3,0x94,0xe6,0x4c,0xe7,0x50,0xed,0x48,0xfe,0xcc,0xff,0x58,0xe5,0x3c,0xee,0x48,0xe1,0x98,0xe2,0x94,0xc9,0xe4,0xe4
beacon-enabled-TestGTS-device.ihex,0x26,0xae,0x6e,0xab,0x76,0xaf,0x96,0xb4,0xfa,0xec,0xc2,0xbb,0x26,0xc3,0x32,0xcd,0xc6,0xd9,0x76,0xd9,0x7e,0xd1,0x52,0xf3,0x66,0xa4,0xea,0xf6,0x6e,0xff,0xfe,0xe0
beacon-enabled-TestStartSync-coordinator.ihex,0x14,0xc1,0x7c,0xff,0x38,0xa8,0x00,0xae,0x30,0xc7,0xac,0xf4,0xac,0xb3,0x28,0xca,0x8c,0xad,0x90,0xac,0xa0,0xd5,0x8c,0x9c,0x50,0xf1,0x24,0xc3,0xbc,0xe0,0x68,0xd0
beacon-enabled-TestStartSync-device.ihex,0x38,0xfa,0xbc,0xa6,0x80,0xad,0xc8,0xab,0x40,0xdc,0x1c,0xd7,0x9c,0xfb,0xb8,0xe7,0xb0,0xb8,0x50,0xf6,0xb0,0x91,0x68,0xac,0x98,0xac,0xd4,0xbd,0xc0,0xb8,0xbc,0x96
nonbeacon-enabled-TestActiveScan-coordinator.ihex,0xca,0xad,0xbe,0xea,0xba,0xe3,0x02,0xf3,0x36,0xf7,0x62,0xbc,0x9a,0xcc,0x32,0xc1,0x5e,0xe8,0xc2,0xf5,0x8a,0xc3,0x5e,0xeb,0x9a,0xc1,0x56,0xbd,0x3a,0xf9,0xf6,0xc9
nonbeacon-enabled-TestActiveScan-device.ihex,0x8a,0xb2,0x32,0xff,0xbe,0xa8,0xb6,0xcb,0x86,0xfc,0x86,0xd3,0xba,0x93,0x66,0x9b,0xc6,0xad,0xd6,0xf4,0xe6,0xa3,0xfa,0xad,0x8a,0xfa,0xfa,0xe7,0x26,0xd2,0xfe,0xfc
nonbeacon-enabled-TestAssociate-coordinator.ihex,0x18,0xaf,0x70,0xe4,0xd0,0xa8,0x04,0xa6,0x68,0xfb,0xa8,0xa4,0x9c,0xbd,0x10,0xc4,0xdc,0x93,0x4c,0xdd,0x4c,0xe0,0x78,0x9d,0xf0,0x9d,0x1c,0xe0,0xd4,0xc8,0xb8,0xaa
nonbeacon-enabled-TestAssociate-device.ihex,0x82,0xf3,0x2a,0xc5,0x22,0xe5,0x5a,0x9b,0xd2,0xde,0xee,0xfe,0xc2,0xc1,0xea,0xa3,0x36,0xe7,0x86,0xfc,0xda,0xc4,0x2e,0xda,0x62,0xee,0x62,0xa7,0xa2,0xe8,0xf2,0xea
nonbeacon-enabled-TestIndirectData-coordinator.ihex,0x0a,0x94,0xd2,0xd2,0x7a,0xc0,0xbe,0xde,0xf6,0xcc,0xe6,0x92,0x6e,0xc5,0x02,0xd3,0x02,0xe4,0x7a,0x90,0x16,0xb9,0x02,0xe2,0xfa,0x95,0xe6,0xd8,0x36,0xee,0xce,0xa0
nonbeacon-enabled-TestIndirectData-device.ihex,0xf4,0xb5,0xd4,0xd1,0xd8,0xca,0x74,0xa3,0xb0,0xe8,0x74,0xc4,0xac,0xb8,0x0c,0xca,0xcc,0xd2,0x08,0xc1,0x28,0x8e,0x38,0xfe,0xc8,0x9b,0x78,0x95,0xc8,0xbd,0xa8,0xab
tkn154-nonbeacon-enabled-TestPromiscuous.ihex,0x80,0xbc,0x9c,0xfc,0x20,0xd8,0x8c,0xc1,0xfc,0xb0,0xa0,0xbf,0x48,0xc2,0x3c,0xf7,0xe8,0xa3,0x74,0xe2,0x70,0xa7,0x08,0xa3,0x18,0xdc,0x44,0xf3,0x30,0xe0,0x04,0x9d
apps-tests-TestNetwork.ihex,0x8a,0xae,0xda,0xd2,0xae,0xd9,0xd6,0xea,0xa2,0xe6,0xfa,0xc7,0xf6,0xbf,0xca,0xef,0x86,0xec,0x8a,0xfb,0xd2,0xf2,0x4a,0xd9,0x26,0xf4,0xb2,0xb6,0x46,0xb8,0x7a,0xde
apps-tests-TestPowerManager.ihex,0xf6,0x97,0x3e,0xac,0xee,0xca,0x6e,0xe3,0x7e,0xc8,0x6e,0x6e,0xca,0xfe,0x9e,0xfc,0x4e,0x88,0x46,0xa3,0x5a,0xee,0x76,0x6f,0x06,0xe5,0x56,0x71,0x36,0xc7,0xc2,0xb4
tests-storage-CircularLog.ihex,0xc0,0x87,0x14,0xf5,0xac,0x82,0xac,0xc4,0x20,0xdd,0x8c,0xef,0x70,0x79,0x0c,0xb5,0x3c,0xd4,0xe0,0xfb,0xf8,0xf3,0xb0,0xf8,0xbc,0x9a,0xc0,0xe4,0x08,0xf4,0xe8,0xc4
tests-storage-Log.ihex,0x50,0x8c,0xe4,0xac,0xdc,0x8d,0x44,0x99,0xac,0x8d,0x28,0xc3,0xf0,0x77,0x98,0xa9,0x00,0x75,0x8c,0x82,0x44,0xc7,0xfc,0x9e,0x34,0xf5,0x6c,0xd7,0x08,0x9c,0xbc,0xc7
tests-storage-Config.ihex,0x94,0xa6,0x20,0xf8,0x18,0xd2,0x30,0x7f,0x68,0x78,0x54,0x72,0xa8,0xe6,0x60,0xbb,0x28,0xa4,0x28,0x9e,0xe4,0xcf,0xa8,0xe2,0x24,0xd2,0x78,0xe6,0x04,0x7e,0x08,0xf5
tests-storage-Block.ihex,0xcc,0xfd,0xc8,0x89,0xd0,0xaf,0x88,0xef,0x98,0xf4,0xac,0x8a,0x54,0x79,0xcc,0x85,0xb4,0xf1,0x74,0xd4,0x20,0xa5,0xac,0x9f,0xb4,0x8b,0x2c,0xbc,0xf8,0x9e,0xd0,0xf8
tests-storage-SyncLog.ihex,0xde,0x96,0xa2,0x9d,0x9a,0x91,0x26,0x7e,0xca,0x8d,0x66,0xba,0x5e,0xac,0xe6,0xfd,0x9a,0xb0,0x36,0xb6,0x56,0xa6,0x96,0xd1,0x8e,0xbf,0x3a,0xa7,0x6a,0xb9,0xbe,0xc2
tests-telosb-TestUserButton.ihex,0xdc,0xd0,0x38,0xf6,0x70,0x75,0xbc,0x7c,0xb4,0x5b,0xe4,0x6e,0xe0,0xdf,0xe4,0xb8,0xf8,0x93,0x28,0xb6,0xec,0xee,0x00,0xd9,0xb4,0xbe,0x34,0x82,0xb8,0xef,0xa0,0xa6
tests-TestLed-MultiLedSingle.ihex,0x2e,0xf4,0xfe,0xef,0x0a,0xe4,0xf6,0xd0,0x82,0xc6,0xb6,0xf0,0x86,0xc0,0xb2,0x5c,0xea,0xed,0xae,0xea,0x62,0x72,0x62,0xad,0xa6,0x63,0xae,0xce,0xfe,0xb3,0xae,0x76
tests-TestLed-LedColor.ihex,0xc0,0x82,0xe0,0xc4,0xc8,0xa5,0x20,0xa0,0x08,0xc7,0x58,0xbb,0x14,0xb3,0xb8,0xb7,0xf4,0xf5,0x94,0x83,0x90,0x9e,0x24,0xa8,0xbc,0xa3,0x8c,0xb5,0x00,0xc9,0xd4,0xac
tests-TestLed-MultiLed.ihex,0x8a,0x63,0x46,0xa8,0x16,0xeb,0xe2,0x96,0xce,0xc9,0x6a,0x83,0x22,0x9e,0x86,0x85,0x22,0x8e,0xe6,0xc1,0x66,0x8c,0x02,0xd4,0xce,0x7f,0xba,0xdc,0x0a,0xe9,0x22,0xcb
tests-TestLed-BlinkLed.ihex,0x2e,0xc5,0xaa,0xd1,0x92,0x74,0x3a,0x75,0xbe,0xa9,0x82,0x81,0xe6,0xcf,0x8e,0x96,0x66,0x6a,0xae,0x8b,0xfe,0xf9,0xe6,0x54,0x96,0x80,0xd6,0x56,0x2a,0x9d,0x36,0xe7
apps-tests-RadioStress.ihex,0x0e,0xeb,0x7a,0xb4,0x32,0xc1,0x3a,0xdc,0x82,0xab,0xe2,0x83,0x12,0xcb,0x06,0xad,0x22,0xaf,0xc2,0xb2,0xda,0x7b,0x9e,0x6d,0x0e,0xf2,0xfe,0x80,0x8a,0xc8,0xea,0xca
apps-tests-TestNetworkLpl.ihex,0x74,0xff,0x5c,0xef,0x18,0xe3,0x14,0xde,0xec,0xe4,0x90,0xdc,0x84,0xf2,0x18,0xc3,0x78,0xd5,0x04,0xf5,0x88,0xb2,0xec,0xb1,0xf4,0xe8,0xf8,0xfb,0x94,0xcb,0x48,0xaf
tests-deluge-Blink.ihex,0x96,0xca,0x22,0xbf,0x52,0xa2,0xc6,0xf2,0x3e,0xc5,0xfe,0xe1,0x32,0xcd,0x26,0xfc,0xc6,0xac,0x1e,0xdc,0xca,0xe5,0x92,0xe4,0xb2,0xae,0x4a,0xaf,0x92,0xb1,0x6e,0xe4
tests-deluge-Basestation.ihex,0x04,0xf5,0x90,0xec,0xa8,0xbd,0xc8,0xbf,0x38,0xef,0x1c,0xfa,0x94,0xd2,0x00,0xba,0x40,0xfb,0x64,0xe7,0x48,0xf0,0x20,0xd7,0xf8,0xb4,0x60,0xce,0xd4,0xfc,0x08,0xde
tests-deluge-GoldenImage.ihex,0x50,0xe5,0x68,0xea,0x2c,0xe5,0x0c,0xba,0xf8,0xd8,0x0c,0xd2,0xac,0xbc,0x5c,0xb9,0xc8,0xc1,0x18,0xd2,0x0c,0xcd,0x28,0xc0,0x0c,0xdc,0x24,0xbd,0xec,0xd9,0x28,0xcb
tests-deluge-SerialBlink.ihex,0xe2,0xfe,0x26,0xb5,0x16,0xf1,0xc2,0xb3,0x52,0xb1,0x16,0xdf,0x02,0xcb,0x3a,0xf9,0x62,0xea,0x56,0xf4,0x02,0xf2,0xca,0xdd,0xae,0xf1,0x9e,0xf1,0x52,0xf1,0x9a,0xbe
apps-tests-TestPrintf.ihex,0xfa,0xd9,0xae,0xd6,0x8a,0xe8,0x66,0xbd,0xea,0x81,0x6e,0xd4,0x06,0x99,0xee,0xd9,0xa2,0xf5,0x76,0xc6,0x66,0xfa,0x06,0xd6,0xc6,0xbb,0x92,0x80,0x7a,0x76,0x72,0xd5
tests-arbiters-TestFcfsArbiter.ihex,0x7a,0xe8,0x76,0xb2,0x06,0xfc,0xe6,0x87,0xe2,0x88,0xd2,0xa1,0xca,0x8f,0xb6,0x93,0x12,0x9b,0x22,0xcc,0x1e,0x8e,0x2e,0xfe,0x22,0x71,0x66,0x70,0x9a,0xb7,0xee,0xc3
tests-arbiters-TestRoundRobinArbiter.ihex,0x7c,0xdb,0x5c,0xf0,0x88,0xfd,0x78,0xc8,0xc4,0xe9,0x70,0xce,0xac,0xbb,0xf0,0x9a,0x24,0xd4,0x1c,0xdf,0xf4,0xee,0xb8,0xda,0x58,0xaa,0x84,0xe5,0xd4,0x7b,0x20,0x6c
apps-tests-TestAM.ihex,0x26,0xe0,0x9e,0xb1,0xee,0x8b,0xb6,0xea,0x1e,0x7d,0x82,0x84,0x0a,0xb3,0x8a,0xd8,0x76,0xc9,0x12,0xe6,0x26,0x95,0x7e,0xc0,0x2a,0xe6,0xce,0xef,0x0e,0xa5,0xce,0xd3
apps-tests-TestSerialPrintf.ihex,0x34,0xad,0x7c,0x8b,0x6c,0xd4,0x88,0xcf,0xf4,0xaf,0x38,0x9c,0x30,0x61,0xac,0x59,0x84,0x9d,0x3c,0xd3,0x44,0xa8,0xf0,0xaf,0x4c,0x5f,0x50,0xe7,0x9c,0xc2,0x48,0xc4
apps-tests-TestLpl.ihex,0x7c,0xf8,0xfc,0xad,0x08,0xcc,0x4c,0xee,0xac,0x74,0x48,0xf5,0xbc,0x86,0x00,0xfa,0x5c,0x88,0x88,0x8f,0x14,0xd3,0xe0,0xaa,0xd0,0xc3,0xc4,0xe1,0x20,0x8a,0xbc,0xdc
tests-msp430-AdcSimple.ihex,0x34,0x6e,0xf4,0x94,0xf0,0xbc,0x58,0xea,0x24,0x8f,0xc0,0x93,0x38,0xe9,0xa4,0xc4,0x38,0x6a,0x9c,0xf7,0xb8,0xaa,0x28,0xf6,0x90,0xcd,0x40,0xac,0x1c,0x93,0xa4,0xbd
tests-msp430-Adc12.ihex,0xbc,0xa0,0x00,0xb0,0x78,0xbe,0xb0,0xbf,0x88,0x6b,0x2c,0xde,0xb8,0xc7,0x9c,0x79,0x30,0xee,0xf0,0xe3,0xdc,0x6f,0xdc,0xff,0x90,0x80,0x14,0xfd,0xa8,0x88,0xe8,0xaa
apps-tests-TestTymo.ihex,0xc6,0xd2,0xee,0xaa,0xae,0xeb,0xe2,0xc9,0x46,0xc7,0x26,0xb4,0xae,0xbc,0x56,0xa9,0x82,0xe8,0xda,0xaa,0xde,0xc8,0xf2,0xf4,0xb6,0xb6,0x0e,0xc1,0x7a,0x9b,0x06,0xf5
apps-tests-TestAdc.ihex,0x58,0x96,0x04,0xc3,0xd4,0xb8,0xdc,0x7c,0x3c,0x91,0x48,0x99,0xd0,0xb1,0xb4,0xe2,0x70,0xfe,0x28,0x9b,0x50,0xd6,0xac,0xa9,0xd8,0xa0,0x80,0xb6,0xa0,0xcf,0xac,0xfe
apps-tutorials-PacketParrot.ihex,0x52,0xae,0x6e,0xa5,0xf6,0xba,0x86,0xa0,0xea,0xa1,0xa2,0x9d,0x0a,0xd6,0xae,0xb4,0xd2,0xa3,0x42,0xe0,0x3e,0x9c,0xe2,0xe5,0x0e,0xbe,0x7a,0xfe,0xf6,0xda,0x5e,0xdc
apps-tutorials-BlinkTask.ihex,0xda,0xd2,0xc6,0x74,0x36,0x8d,0xb6,0xfa,0x3a,0xdf,0xa6,0xd2,0x1a,0x5b,0xd6,0xb1,0xb6,0xf9,0x76,0x57,0xca,0xc6,0x62,0xbf,0x46,0x91,0xea,0xe8,0xd6,0x95,0xe6,0x73
tutorials-LowPowerSensing-Sampler.ihex,0x9a,0xdc,0x52,0xf8,0x82,0xd8,0xf6,0xee,0xbe,0xcd,0x7a,0xe5,0x8e,0xb5,0x52,0xf1,0x82,0xb0,0x46,0xef,0x5e,0xc8,0x66,0xb2,0x52,0xfa,0x36,0xd0,0x96,0xd2,0xda,0xf6
tutorials-LowPowerSensing-Base.ihex,0xa4,0xdf,0xa8,0xcc,0x10,0xc1,0x84,0xa8,0x64,0xb1,0x38,0x8f,0x54,0xa3,0x78,0xb9,0x0c,0x81,0x2c,0xe2,0x9c,0xa1,0x98,0xa2,0x50,0xa2,0x24,0xe8,0x48,0x96,0xc8,0x98
apps-tutorials-BlinkFail.ihex,0xb2,0x98,0xe6,0x5d,0xc2,0xf4,0xbe,0xd0,0x2a,0xb1,0xc6,0x4e,0x5e,0x96,0x5e,0x8a,0x56,0xd6,0xda,0x8b,0x9e,0xe5,0x06,0xa8,0x02,0x51,0xba,0x52,0x9e,0x94,0x5e,0x6e
apps-tutorials-Printf.ihex,0x34,0x6f,0x1c,0xd2,0x64,0xab,0xd4,0x77,0x54,0xd9,0x48,0x77,0x60,0xbd,0x74,0xba,0x68,0x9a,0xb4,0xd4,0x3c,0x7e,0xdc,0x7b,0xf0,0xab,0x00,0xdf,0x70,0xf3,0x2c,0xbd
apps-tutorials-BlinkConfig.ihex,0xd6,0xb2,0xfa,0xc1,0xb6,0xaf,0x52,0x9b,0xba,0x9a,0x3a,0x7c,0xfe,0xa9,0x3a,0xd7,0x5a,0x94,0xca,0x7a,0x22,0xd4,0xe2,0xb0,0x92,0xec,0x1a,0xf7,0x56,0xa5,0xce,0xae
apps-tutorials-SharedResourceDemo.ihex,0xae,0x4e,0x56,0xeb,0x76,0xe8,0xe6,0xe2,0x06,0x69,0x5e,0x89,0xaa,0x4f,0xbe,0x51,0xfa,0xc4,0xba,0xd2,0xce,0x7d,0x8e,0xfc,0x0e,0x82,0x96,0x7c,0xaa,0xd0,0x0a,0x8b
tutorials-RssiDemo-SendingMote.ihex,0x6c,0xc8,0x90,0x94,0x64,0x76,0xe8,0x88,0xcc,0xf7,0x2c,0x9e,0x60,0x70,0x18,0xb9,0x3c,0xd9,0xc8,0xdd,0x84,0xaa,0xb4,0xb4,0xec,0x7b,0xd8,0x9a,0xe4,0x71,0x64,0xe0
tutorials-RssiDemo-RssiBase.ihex,0x6e,0x92,0xce,0xef,0xde,0xfe,0x32,0xf9,0x9e,0xd2,0xb2,0xf6,0x22,0xd9,0x0a,0xbc,0x52,0xc9,0xea,0xee,0x46,0xa5,0x2e,0x9f,0xe2,0xae,0xaa,0x98,0xbe,0x7e,0x8a,0xf9
tutorials-RssiDemo-InterceptBase.ihex,0x66,0xd6,0x2e,0xaf,0x66,0xdd,0xa6,0x82,0xaa,0xa8,0xba,0xa5,0x3e,0x8c,0xce,0xa0,0xbe,0xed,0xee,0xc6,0x36,0xc2,0x86,0xb9,0x32,0xf4,0xc2,0xcd,0x16,0x8a,0x36,0x83
tinyos-main-apps-UDPEcho.ihex,0x0e,0xfe,0xce,0xf4,0x92,0xfb,0x7e,0xf1,0x7a,0xf1,0x56,0xef,0x52,0xed,0x1a,0xf5,0x36,0xef,0xc6,0xf1,0x5a,0xf1,0x92,0xf7,0x5a,0xf7,0x3e,0xf2,0xc6,0xef,0x52,0xf9
