APPS  ,P1,P2 
apps-AntiTheft-java.ihex,error,
apps-AntiTheft-Nodes.ihex,error,
apps-AntiTheft-Root.ihex,error,
tinyos-main-apps-BaseStation.ihex,0x72 0xa5 0x76 0xfa 0x2e 0xf4 0xa2 0xbf 0x96 0xf5 0xfa 0xa3 0x1a 0x8d 0x7a 0xe6 0xda 0xb9 0xfa 0xbf 0xae 0xbe 0xf6 0xc7 0x8a 0xe9 0x56 0xf4 0xf2 0x80 0xc2 0xac ,QXWJyBIZjJGIye0wvFAoepWqR2B7utEpUgi9px1kL892s7gviTpKGPVoGjGJ1nirLHfrM3WHcS+vCFkJmlolFaULbhLkhFcHCwmqF9GQJ2No0B3+RD+ljhyPY5BMex8nslAwP2nhQPdwwF8xJYvpnmnCU/6NoLZfeIASXNo5NINPTNridCyrdhg/e9iemS8+bdqfQLETFN3ga6elsMjaIcH7X76KeGPn0zss9fjduG8=
tinyos-main-apps-BaseStation15.4.ihex,0xfc 0x7c 0x84 0xe4 0x60 0xf2 0xf4 0x83 0x74 0xc6 0x8c 0xef 0x28 0x86 0xa0 0xdb 0xfc 0xfe 0xf4 0xd0 0xe4 0xfa 0xe8 0xce 0x24 0xbe 0x3c 0xfa 0x18 0xac 0x2c 0xad ,U9tRB4WfKMJ9qUPqDLA7mRP7bGRrmirnRwoGyo41Ut+QTG5Hw19BSKV3j4KTER1+1Ly9fe60gC5w2BEgMjSW1VL/RGiUPnnnI4KBXGfrfYMED6mI6R3nhkXMvlitqtm2ZObvviAsrhr+2ejLxFiVbYeO7DmGsqQJY9QKy3TK6QR4Uqp93P09g+1xB+u0pRIgc1tuSlKn5/UgskQeU3LDgd79cf9XRWrH80m+XnOwqf0=
tinyos-main-apps-Blink.ihex,0x8a 0x9a 0x62 0xd1 0xfe 0x53 0xba 0xfd 0xca 0xf7 0x4a 0xf1 0x26 0xc6 0xda 0x7d 0x6e 0xb3 0x9e 0x74 0xbe 0x70 0x72 0x66 0x42 0xb2 0xf6 0xfe 0x96 0xa3 0x46 0x84 ,I0Gt2r0IejBMucxh9ieyx7JzqrniP4tFNruRHF1dsH3s15B1bAuFI0kEwAvqFWJgAFGBiT1UdVYQcj7f3Te1G/iyIVjoPBhyiNFCbUMWaak9zIZ9YuMdtkOA7l8JKRO0z6uI3qL54utaMq/eBhJoUeK20sAhgLklsftmulOM/kstFiEKwIHgXqkZ64cfjbr+wg9G3PViK2iVS22ZsmYsm6PzDk9Bfcfd6c7129W9xKU=
tinyos-main-apps-CoapBlip.ihex,error,
tinyos-main-apps-CoapPpp.ihex,error,
opt-tinyos-main-apps.ihex,error,
apps-MOE-MOE-BaseStation.ihex,0xfa 0x8c 0x6a 0xd2 0xe2 0xa8 0x72 0xf2 0xd2 0x92 0xa2 0xf7 0xb2 0xaf 0x8a 0xc1 0x2a 0xa8 0xc6 0x9d 0x6a 0xb0 0x7a 0xa7 0x2e 0x97 0x2e 0xc0 0x12 0x8e 0xa6 0xc4 ,Z1Z+ERFyvnBDjbbwSv0t2LZmTszC6q/ptJkJtmUz9X4aleoq/qoAzcxdyBxV886L9HBWslleOW0gY9nUfb0NagZiHQ7zgCjd/9qkd5r2SeSiyR8sKGlR0u8LUvfJscec/T8dkXAfUBErBhBqGGyCLwNI8YbjAm3mMwhO7yqejFCIpmhEktn32pmyJtCl5N4AzAVE6IdgWVhoM8DBRq4sZmmaawpwW4UxoLixTVuMipY=
apps-MOE-MOE-Attack_replay.ihex,0x3e 0x89 0xe6 0x81 0xe2 0xb8 0xa6 0xed 0xc2 0x98 0xb6 0xc8 0xd2 0xa1 0x62 0x90 0xda 0x83 0x4e 0xf3 0x52 0xee 0x7a 0x90 0x7e 0x9a 0xee 0xb2 0x0a 0x8c 0xaa 0xee ,s+XopMQDsx7qRsiyaKYlOhU/GAYrHK/Sh0xi62MIFNmZNBYlEwTaTNEYIDXYWb05f0cmvqYii2oXZq3uD9lesbwJ5CYMbVZrleVFIEzDJV1NJrovPaZtnkk7BGfwiIzOyr5t2AvEMwrGnkv5pUmXllPqHR1sE7Gi3UX/ezQDsEsL2l0XeeGCqwkOFB8hNnVLxxvJzaVQzFDd3aNuEiayJ99VlwfKpdfsajf1M0TKovw=
apps-MOE-MOE-BroadCast.ihex,0x42 0xa8 0x26 0x9e 0x7e 0xbf 0x6a 0xd2 0x5a 0x84 0xa6 0xac 0x5a 0x9e 0xf2 0xe4 0xba 0xba 0x52 0xb0 0x36 0x7e 0xf6 0xb9 0xaa 0xdc 0x8e 0xd6 0x2e 0xf1 0xf2 0x8a ,f1K5kQXxElIDE+dHa1GXQVdf1TWOBV0A0dN3pgkUyu0dYmapEq6YBDYOljlnQS3QJ8NuSTB0fWIaqr69yWJOUKiekBrgrfPZGA8ShbWzRZwuOVLC/OwZl5N88j5vjQ0EUkjubfQvHiwA9zXeaitT2B9J+FtAEwH9CtzD6nmWiQHNHjaCkd5Pjf3Bcj7ObHS+xSSromN7EGB2NlsEo3fdqDv6OPkBcujVOI2PmeaNuT0=
apps-MOE-MOE-Attack_inject.ihex,error,
apps-MultihopOscilloscope-java.ihex,error,
tinyos-main-apps-MultihopOscilloscope.ihex,0x0a 0xf7 0x0a 0xc4 0xe6 0xe2 0x9e 0xe7 0x96 0xea 0xd2 0xfc 0xf6 0xed 0xfa 0xc4 0xf6 0xec 0x66 0xf0 0xaa 0xf0 0x5e 0xe1 0x26 0xd1 0xae 0xdb 0x7e 0xbf 0x76 0xf3 ,jrw4SaEsaT2Spjyzq2FfnIzTpayo8YPahceHqyQ2ZJ4gxdId9JY/BwbxvflbzssAtjKjMNkVNCmAdsV6p+7j2cAb+8CAw/62ZpiZ1LWfMtvITJ09dgBaBRLoOYy/wDg+cG/azcgXyrtlOeLViBz3s1ob9KRXLdV5EB75Nm1UAg+8L6Um8CDbRlHqkS1j8OoqA8j0E+vvkJ3oOLTiDqAWv/zQwu5EjBedeMBhbzWkke4=
apps-MultihopOscilloscopeLqi-java.ihex,error,
tinyos-main-apps-MultihopOscilloscopeLqi.ihex,0xda 0x9f 0xfa 0xec 0x9e 0xc6 0x56 0xfa 0x7a 0xc8 0x1e 0xa4 0x86 0xc2 0xb6 0xdd 0xd2 0xb1 0x2a 0xc0 0x62 0xeb 0x5e 0xc7 0xc6 0xb9 0xf2 0xfb 0xf6 0xa6 0xf2 0xdd ,JtAsioCJAN5MCc7tNV+/nZMdjHAUYe9XnCeQnDmmW1CVTYE/Ri67/M0LDWV+nReDFQXOdht5glmAlzUuqvyje4UplYTQhCbsDCWQ/5yO50JtlqB3Ow2uD33XcLLBEJNjJeas99ixYO5I0npCD6WrgzNDpb7XZb/UgfN2NbGfz1FDuPu2E2HYCfbqAE6+uJyoQrrgh6x1jPYvOqeIK7i7GUrukcjgPBhHfPvyhQ9f3tU=
tinyos-main-apps-MViz.ihex,error,
tinyos-main-apps-Null.ihex,0xc6 0x8f 0x66 0x59 0xfe 0xfe 0xae 0x5b 0x26 0x7b 0x9a 0x6d 0x06 0xbd 0x7e 0x9e 0x0a 0x9e 0x06 0xa4 0xfa 0xb3 0x1e 0x8f 0x22 0xbd 0xc2 0x59 0xca 0xf9 0x16 0x6f ,d/mu/5X0XtXZMe+OiA0+da4vYLRpFlZubuXMtOQLMjC22AE/TH12Oz56XNqDbueIgt0ktB/R6U//GmsqYtRIqaIPTl0g+WsmpyGQYDbul0NzCm7zlrUqh7dyKOC/eHWik+1m+A93uRBI7o5i8zFPfgRi5LUN6c/neFmcDdTIzz+4UP1ejX0mmlKpZzuouVdao6ElQs7QEyIE0H7ZloRqhHbe8BYj7wCniFLKHOWJj8M=
apps-Oscilloscope-java.ihex,error,
tinyos-main-apps-Oscilloscope.ihex,0x64 0xa9 0x84 0xf9 0xb0 0x8e 0xcc 0x90 0x48 0xbc 0xd8 0x8b 0x28 0xe4 0x94 0xf8 0xdc 0xaf 0x84 0xa7 0x38 0xbf 0x4c 0xa2 0x00 0xd3 0xa4 0xa3 0x1c 0xa6 0x90 0xae ,TggG7o8j+wbw9SClyFLIaJ9rBEFo4/8y8MLBBVDfiJjMAmpQ9xsg/NKmX8GcQ8VmqcsB6gbKxwh6QPFIW4jPQXWKa5w49dD+J5qptDi/ymr07wDdt+AnmOY2C030tFCc5C2xeg9rRLVVBTkCCCQKBduMnMbUrOhaWqRgwhf7DgvgjCeDpga4DmmBAINcQPB5LUktewDrGkNmvj8pcQZ/YEmcOC835FykkFUNR5+3RgE=
tinyos-main-apps-Powerup.ihex,0xec 0xac 0x38 0xbb 0x08 0xd6 0xa0 0xcd 0x24 0x59 0x58 0x5b 0xe0 0x4f 0x00 0xfc 0x98 0x79 0xf8 0xee 0x64 0xbd 0x80 0xda 0x6c 0x5b 0xdc 0x61 0x00 0xa7 0xcc 0xcc ,zf5gaFaK9G5JF/8LVDlAwliprzkg/mJf3c6s8zxUgWAOET+S4fxwVqsbaNpyh7Rs5okXdzoUmYhJ/ms7YNgMAjo2Cz6aPRLd0vxJZnekbuITCKau2ffYtwci1PVgOBZPLncg2RGOcyco3GnRI4Bs138t8axB7vdbsDLmYREf2OUQL4+qK6r5Gj9MfO/bn/Ay8V9ImsEYinDTlojL/Ld5ZTqQ5JE8hTsXioP7MSmCtFc=
tinyos-main-apps-PppRouter.ihex,error,
tinyos-main-apps-PPPSniffer.ihex,0x4e 0xcd 0x26 0xc0 0x36 0xb4 0x3a 0xca 0x66 0x9b 0x3e 0xe8 0xd2 0xee 0x92 0xf3 0x32 0xe4 0x32 0xdc 0xfe 0x91 0xa6 0xba 0x06 0xea 0xb2 0xf8 0xb2 0xa1 0xf6 0xa0 ,0btefsv6c/vpGJIHwFCmGgXqNajPCYSCfwb+PZJXKPldKNLmNoUIp0TYaMoUStkTLOh49DT7qMfZvhK6AcWa78qkNoRuHmkSZuF7ZOOZyXR9iaVK7aX4X1PYk+oWoG7VRGxjvX2iOjL6bBmOSyy1aQoMurMVfxlR0/5mOe5eVtx9oZPSNUX0C2aPAQIFnMOd2vUGwSBQ5y6iIaVmxF/yzu6TQ3I7oO44GgaHfJBDHVk=
tinyos-main-apps-RadioCountToLeds.ihex,error,
tinyos-main-apps-RadioSenseToLeds.ihex,error,
tinyos-main-apps-Sense.ihex,0x3c 0xd9 0xc8 0xbd 0x70 0x68 0x10 0x72 0x84 0xc9 0xec 0x66 0xf8 0x8b 0x24 0xf5 0x74 0x91 0x94 0xb2 0x60 0x65 0x54 0xba 0x74 0xff 0x04 0xa4 0xb0 0x99 0xa0 0x9b ,2L7QblGJGMT5t2JJZvJ7ONnBG7tImBC70otnCrnmIa21rJv6IfD6+2aEFUrzr5ZEf0kKYmYKMZOGXDm9oEv4h+BG99LTRAd5eBJ5atDoJvze3S8OjzwY5U79lmCtf9Rwm5en5lM2S7fQGX85YW/lRNND+KxcB5xegF1tvuMyaW6K6Us/k8yPpGuWJOV9IgJHKOzptSp5fUrdRIhdbTBt62YlweDAcaB0bAmYqUS9A+U=
L1-Secure-Coordinator-src.ihex,0x0e 0xf7 0xe6 0xa6 0x5a 0x98 0xe2 0xf7 0x52 0xa9 0xc6 0xc9 0x4a 0xd8 0x1e 0x95 0xc6 0xbb 0x9a 0xca 0x2e 0xb8 0xc6 0xa3 0x0e 0xaf 0xf2 0xf0 0xce 0xae 0x6e 0xf8 ,jdZty2lXOO0/pnk6eWUWQ7fuz0+ai8NV2FkYAJgRm/cBQ/73hDKPr0tbBETN83TI0Xh9w89CxkLxttDodFU5S8bLhA9D1BKz3vffdiGP4tj7bqO2il7V7aMIcCXEEa10kEPDQjHUm15LycnCZ/OXEsfKsZp5Xcw3sAHM1s/WXTpo67GGava1JE19E1CYC6nXgujgUd21iQaAvffamEC0cb+IcME3kO6QjoEOlzLz7WI=
L1-Secure-End-Device-src.ihex,0x5a 0x8f 0x52 0xaf 0x1a 0xd9 0x7e 0xd7 0xfa 0xc8 0xaa 0xb8 0x16 0xbc 0x0e 0xfc 0x12 0xee 0x46 0x9f 0xd2 0xea 0xe2 0xe1 0x0e 0xde 0x6e 0xde 0x5e 0xad 0x66 0xa4 ,xQGmaD6mBEvyUhhciHMA/TTTv3gTedMYsAQJVp+bFALu3L2PUEA+78ezFwK29cysSx310880xA8gnd/RFVN7g7QKQ9kTsvq5Mf83IY5mzhlrWaqmeX5VYdm12QyIBAtI4/l8kkzTBRx4EQCOB3Sad9dWJM9GYKARbKaqLOSLc5V5KnVQLbsnzJiozPLltUfSxHiOGK4WmyYppHw4cTN520hKmJYVOtnQXGInSwKt0xM=
IEEE802154-Coordinator-src.ihex,0x3c 0xa9 0x30 0xd4 0x60 0xd3 0x70 0xe0 0xf8 0xc1 0xd4 0xe6 0x2c 0xf4 0xe0 0xf0 0xbc 0xb0 0xa8 0xdd 0x88 0xd8 0x9c 0xd7 0x78 0xaf 0xe4 0xc2 0x20 0xdc 0xc4 0xdf ,j8wsr18Zr09uzXENhDFLrs7SEDmdcfFGQAIneqfwh1DVBZLlvmrS+WRUfb8UnxQAmkR4lk7eT3V0VeVvhYCKiyTU/ytZJqse61v7YQYrfFRnZCZD77jE1VczvzpI+4XevUvHZQTugQB2/z50bjK4F+emCcdj6+dK9dvZw/IzFsMJ9VcZZSZQuHIETX+7WycVseEnqqmYl3c9K11dBM21x1oRFfs2Y9DSMeF7/91QbJA=
IEEE802154-End-Device-src.ihex,0xb6 0xe8 0x66 0xbf 0xee 0xf0 0xa2 0x9c 0x66 0xe0 0x26 0xa0 0xfe 0xa3 0xce 0xc0 0x3e 0xb7 0x92 0xc7 0xe2 0xcd 0x4e 0xe5 0x56 0xf6 0x5e 0xb6 0xba 0xd3 0x9a 0xc0 ,mNxnUUiqO7rbOPXNh8Sl7PDFqjjisp4qJH5s/WalhgicecBLAGRD1XLHANTXpY1w+eaMh1/+iREf3eR/g5zKW1kv+IDE7vt/jKoPb+kiw624YvcyNPG0K9cSHR3dcbgXO629cKEEPiya+8qT1/n+Bb0TKjtelTSGjOwMkLT8rrAFeHBM9Vqk0qGP1kE5QhgDmd6SbOdd2E+GQwiMHkaeHTiqmvBfMBqGkTXi5XlWgz4=
tinyos-main-apps-TCPEcho.ihex,0x3c 0xea 0x68 0xd1 0x08 0xf5 0x30 0xe1 0xe8 0xd2 0x4c 0xd8 0xb0 0xdf 0xe0 0xed 0x24 0xd3 0x4c 0xea 0x64 0xd7 0x10 0xfa 0x5c 0xcd 0xb0 0xe5 0x9c 0xd6 0xbc 0xd4 ,8MTt5x46kM9j091GkqlhmLWW6PQ4h6iKZyHgfRCGQIl+NP6gw/jjbAoa+KxlwglUtPm+n8LiNVi/IDwHgy6ic7fDG3ozcgl/fhi+nP7IjgUYMhlslCBxBVG6cMB00J1eClhyOBf6kqGr8Gn6NfbSTSBX22n/AUaY8uogTUzd6Dgrm9h438NVNoy42Hfi4SJE2G85FnA6RDEYzg+5fcNsztKZuD3M/e8Z6djb7w83nTE=
tests-TestFtsp-FtspLplBeaconer.ihex,0x48 0x9a 0xe0 0xb0 0x18 0xaf 0x5c 0xda 0x84 0xff 0x00 0xa8 0xfc 0xdc 0x64 0x8e 0x88 0xee 0x4c 0xe0 0x5c 0xae 0xbc 0xb5 0x4c 0xab 0xb4 0x98 0x40 0xa2 0x30 0x8c ,Glxvsi3q34aPJSs7CJ4FJQTQpc3nKTakhR5Jr6YQrTo1yuhly66cpaoZ1TT69AIaZPyEvcFIGk659P11wgKgSkrqPWIFkodjv67RD9egJQI5D1OETh30VHz3m3a/uGcLc9N/Jpsy9QneCD7SBibyr73dJCFMk0PFgbo8zrFH80EWSwJvNwbJequup9QdSeFepdpmibMWYcIX/6SL1YWXCho1D7KDbH6PgpfLWB7EDC8=
tests-TestFtsp-FtspLpl.ihex,0xe2 0xcc 0xd2 0xbb 0x3a 0xdc 0x66 0xf7 0x1a 0xbd 0x6a 0xbe 0xca 0x8e 0x96 0xdf 0xb6 0xe8 0xe2 0xa8 0xc6 0x9c 0x4e 0xde 0x7e 0x93 0xfe 0xa9 0x1e 0xa7 0x6e 0xf6 ,NgshrNueNGXdAVekMKQbgJL/bBzIgcFJ3ngBE5pByCm/GVFGRzp9pMY+7NHa5+V81dhtD5+SPuTlIQk+WlAVNCsjO2ziI9tdhjVHSteLQliMsmOKFztOQh9T2w+Qlcpe/4YYJlgqmNXV7rTt/RxZ5cjBqj4KPoQl98Deabee01uHUCmLLgPI4+nkDYS3t+av/FGnX5UHNPHQGh2T+4daD2BNDJ3EVNd3rbXY666lNFY=
tests-TestFtsp-Ftsp.ihex,error,
apps-tests-TestTimerSync.ihex,0x5a 0xc4 0x76 0xd5 0x36 0x83 0xe2 0x6d 0xba 0x92 0x5e 0x8b 0x02 0xba 0x8e 0xad 0xea 0xe6 0xfa 0xdd 0x32 0xc4 0x92 0xa5 0xce 0xe5 0xaa 0xfa 0x3a 0x91 0x1a 0xbc ,R9VUGQWvy6mYz89UURSDBRi8jcLD0wKfnFkg/Zrta0iZiNkPubhUK4dtGN7MyxUBgVRtty7nNAiNGU5kP/ByLjp0WhsCUU2EBJQmeqQBgLeM+wEXTgyWnJDwA3JyzSi4gFYYCMTlDixWibQo3YDGSkC9C5spbubje6R5fAaFVvlsKYeIhpvz3tojsiGCLMWOLH/1NIWOi3jLkBtW/Le8fRWIT26LBZstsC3KmMGmuLA=
apps-tests-LinkBench.ihex,0x28 0xc5 0x98 0xc3 0x80 0xe2 0x70 0xb5 0x1c 0xeb 0x0c 0xb7 0x24 0xa8 0x40 0x95 0xa4 0xfa 0x2c 0xd8 0xc0 0xc4 0x24 0xbb 0xd0 0x98 0xf0 0xdb 0x08 0xd9 0x84 0xa3 ,Nn6nyZhnrQoNqvyyn+WREIo2vhT/JjPsrB5N+Np0iThEV1Q1SwBF4COiXQQ3TzBgTMe3nMT3sjZBQSMoC6+U72kkXmEa8jpqRK8BeU/rqvR6plCANrciiKf6r6ZMQ22xG9zHyfUKEWrejGfp030HMlv/1nEkMxKJKA586kSkRZH/FVwOyvZWyl37a/WcXy7hcqwIWUvI9OZI/uCjxllRrHq3mhe0zSRzCyfSfRGOtvc=
apps-tests-TestPowerup.ihex,0x64 0x89 0x18 0xce 0x20 0x89 0xf8 0xca 0xe0 0x5f 0xa8 0x70 0xa0 0xda 0xa8 0x7a 0x64 0xf0 0x80 0xf9 0x78 0xd1 0xcc 0x91 0xd8 0x58 0x90 0x63 0x30 0x99 0x18 0xb7 ,WPb/GFO1eBYghrQx8kr3gz/w4XPzPWHpNE01BuZwU6m4C27ovOqqnxU59mTlVSpiFk3Q0i3N3FNpPh5NjcJjdnIKrO/kJb13gKau5llnkv7As/VQp89tfWH3Mc25x1zOCjOjQkixcH60kl4xYE7HiZbkcvoFcEojfo2LADffogrbuXtMCjWjezN3qQtXEL902eqow7Zpyq2dNfrmPnnO4ksP7YQaHoiVAQZnEWPfl9I=
apps-tests-TestBroadcast.ihex,error,
apps-tests-TestEui.ihex,0xda 0xfc 0x8e 0x89 0x46 0xce 0x0a 0xe1 0x92 0xdb 0x3a 0xc3 0x52 0xc2 0x5e 0xdd 0x96 0x81 0x62 0xc1 0xa6 0x8c 0x66 0xc8 0x72 0xe7 0x56 0xfc 0xd2 0xa4 0x82 0xe4 ,ZPoTulEnVNjRNHk691ABZPCD7bwk2KS0eMNW49qxNuCEhaC20sET0N2jtWYpkgUV0XYsRJEmQjfYEzIBdt+88IN+bEwjpkr4JAFCgQCKX8p4a+ZRp/a9DeNGy1ZyYiFSRIVDu4ywKuSYMqeD73Q8v3oSnKx+CbkA9DcEhuilz0khBibOZcZAg0nPLe56EpLDOX864iCkRDyWpISf+ZlKMoEM4AVfoSzlMCQftYj0yMw=
apps-tests-TestScheduler.ihex,0x82 0x7b 0xc6 0x62 0x12 0xb2 0xf6 0x69 0xda 0x93 0x06 0xcd 0x5a 0x63 0x36 0xcd 0x2a 0xdc 0x2e 0x94 0x7a 0xb5 0xd6 0x76 0xf6 0xc8 0x8a 0xce 0xba 0xdf 0x86 0xed ,+iGoC7Rvir6ImNF7yBshb5VIB7IWG/1IjxruLV2z4DxP6Do7flxaBYHwkvrXfo5GRpWrU+j+TI+9VhGJFlcg+2UMHDJYjSGlQ/gkhpM6bd7PplT0TLezgLLA2jR5z9vweiTj/dIfJGk3gO2rqRgrkF6XHuOTIyEOd/EZqGcFbfBaliJyg5oDo/0qOQAehk8DR6uvKwlYYBiZX/8iq2oKnMDrElnZ/5r9D1/E/p3aA1Y=
apps-tests-TestLocalTime.ihex,0x46 0xfe 0xba 0x63 0x4a 0xd4 0xae 0x57 0xf2 0x96 0x2e 0x68 0x6a 0x86 0x06 0xf1 0xfa 0xfc 0xb6 0xae 0x7a 0xcb 0xa6 0xbf 0xfa 0xe8 0x5a 0x70 0x32 0x99 0xe6 0x77 ,M2InMHDPhElEg+UpNEyaTraSdyip+8ekrHhVdMaQoDz5TjVyAvALpW97BbIz5fkUNZAc5lnVBmsFFtulxQWUiukWcT0TWvz+QIZ6kprigUaG3bjTwedAhIwggdPaC3pGh/NT60QP6AIcOqzbNexSRuHoIxt+BbBLjEI0bbwwvytTOjHYk2nKvUzf9vuVnzjenZ3iIT2WX1er4hIjq9wfYhWCPipQ6p4OuQlUM4fRe+M=
apps-tests-TestSleep.ihex,error,
apps-tests-TestSrp.ihex,0x74 0xe3 0xe4 0xca 0x00 0xa6 0x4c 0xde 0xd0 0xe0 0xf4 0x9e 0x7c 0x9a 0x10 0xf2 0xb0 0xc3 0x5c 0xe8 0xd8 0xb7 0xa4 0xcb 0xb4 0xa5 0xfc 0xaa 0x9c 0xc2 0x6c 0xcc ,HFITKVUSv1HciFxyy1efba53nZBHj8ixsA/PQHhi+29ISjDzECB1XBMRjmko/j3UYUsMxwlhob7+iACnCXtAmlMJKL1trpw5QpCPGrmjbVNbdXfgqPCD0XimLxzkWvk2UKx7jmCISnME8/4+2hsRGbI1gcufgANTHu940FalIGIo6eT5jeBKNq6bQ9OI3LDXfIKoAEOvHy9M6sNeDYLsvuGz6qClgQSfgUSlPr7XvPo=
tests-cc2420-TestPacketLink.ihex,error,
cc2420-TestSecurity-RadioCountToLeds1.ihex,0xaa 0xf8 0x8e 0xbe 0xfa 0xe6 0x86 0xa6 0xea 0xee 0xb2 0x89 0x1e 0x85 0x7a 0xde 0x32 0xb0 0xba 0x95 0x92 0xa9 0xea 0x9f 0x06 0x87 0xce 0xcd 0xf6 0xfa 0xc6 0x94 ,rwSnUfyiQJOICkFvYXbhxJnyGsg4YHRZVfDjkOlU4xcuUb0ZsMcVOzeihVt4/0QzntsM17kp47QzOhWuW0/YvgbtxlzHkpUxjoZCP5ynl0jhvI3gzccUL7vyahBMgVnBxnUUWpZfDRMYDRU3E1XR4GvbXCjzN7Sj1JLeu4mgtQS7j0NBSnDZAyQP2Ki4SBecaV2a7bVkP7ONdRvBuNKQtoQKZbV8LqWk5cwaAMRGeWY=
cc2420-TestSecurity-BaseStation.ihex,0x26 0x9a 0x86 0x84 0x8a 0x8c 0x0a 0xf3 0xd6 0x9e 0xa2 0xcf 0x26 0xa9 0x8e 0xfb 0x2e 0xff 0x5e 0xf8 0xe2 0x8a 0x36 0x8a 0xfe 0xcf 0xb6 0xe0 0xb2 0xc4 0x46 0xae ,I2vsyxf7RtExj4lvhegv2e3GUjTo4rHUYusDH3043PBMC+AMETranq+peMt0CHYxIPkm11YPSOjUYVrHWCJXImGcD/V1PPAisP2lIf4p9uZZNWSFAeq4vK/2IuaKzauF0nbx/y9+8NHTwMB1neDm8TswfvMStgQKgBOzqmRIINhpcMpm1JvHub/KvoTpUlnwuJ5Aij4oqATcMdePp8hvdx4GD/xJeKjD5f2FGjMpBYM=
tests-cc2420-LplBroadcastCountToLeds.ihex,error,
tests-cc2420-RssiToSerial.ihex,error,
tests-cc2420-TxThroughput.ihex,error,
tests-cc2420-LplUnicastPeriodicDelivery.ihex,0x80 0x88 0x7c 0xbb 0x14 0x85 0x9c 0xa2 0x98 0xbd 0x28 0xb4 0x54 0xa5 0x08 0x88 0x10 0xf1 0x34 0xb0 0xa4 0x80 0x1c 0x88 0x78 0x94 0x68 0xbc 0x3c 0x79 0x64 0x83 ,jef8aPzGNfKAVV8Qr50p8aKpoYT0CTSm8otKDwGRJ5rv/k9SPKN1tYmi1cHon7h97hKD4XlF/U0SygwtGfcwgxxnnobrC18yJp+5/g2OyYFIvVMFGnRt76crRGRQs8BwIDhj3WT2jlsO5t1FD+Uy8/zyBAJCMMDJczUrMdbUKIv8oHiLpMTVkU8kV02cl/kdO3Kmzr31LceyR6V/QGjNPFuyJyMIAu0Bjr92uHK1Af4=
tests-cc2420-TestAcks.ihex,0x4a 0xd0 0x4a 0xde 0x56 0xcc 0xfe 0xe6 0x9e 0xe4 0x22 0x76 0x06 0xe9 0x2a 0x8a 0x5e 0xce 0x66 0xb6 0x2e 0xaa 0x2e 0xdf 0xea 0xf0 0x52 0xb2 0xda 0xbf 0x02 0x90 ,lxdrw8GOE7g9e5Y2qsKXYFokjipc642EIsxa+jTXQucRLBBrE34bZkUIyTUa23XuP4c4km1x4zfnqoYapyWneuky9qPXHsJmtefqUiHlQ0Hep/GC+5ErR/EjbbxGjffSRIbTCqNAzBK88H2Ed6CxHTiUAQRLDQesrExKT4UtH4y8f4g2Jr48Fa41TIqMNg+BZCq4EWHF2jT2zpbG3l3XQvUj+/W0/+dubKlIoSeOk1Q=
tests-cc2420-LplBroadcastPeriodicDelivery.ihex,0x60 0xb0 0xc8 0xa3 0x84 0xc4 0xac 0xe0 0xe4 0xf8 0xb0 0xa2 0x1c 0xd8 0x48 0xa6 0x00 0xda 0xd0 0xb7 0x14 0x99 0x6c 0xfc 0xe4 0x82 0x38 0xee 0xc4 0xb2 0x94 0x83 ,/86UYyh+8bbfETXselBkPUuuEYssDVD642Ho8STH7MytaA1Guk1UTc87cXm6UIYDQpZAatrPWobGNrAs4pat8gz8bJ1T10Pa3S3D+IZiFrOTv77OGlJaFGS017RMTbARCJ/57r7SB8qHRfZIqtTJOYo0G+udb8begTvERXY9Ru+0Uuy/kA/0M6abqkBVydb8Oaw6cGRiNQTnqpCjnY951l4Zi4pPNku7+Y3fFMApk+U=
apps-tests-TestSimTimers.ihex,error,
apps-tests-TestSimComm.ihex,error,
tests-sam3-TestUart.ihex,error,
tests-sam3-TestADE7753.ihex,error,
tests-sam3-twi.ihex,error,
tests-sam3-TestMpu.ihex,error,
tests-sam3-usb.ihex,error,
sam3-pin-capture.ihex,error,
sam3-pin-interrupt.ihex,error,
sam3-adc-AdcReaderStreamPDC.ihex,error,
sam3-adc-AdcReader.ihex,error,
sam3-adc-AdcReaderStream.ihex,error,
sam3-adc-AdcReaderNow.ihex,error,
sam3-clock-showSpeed.ihex,error,
sam3-mpu-TestMpuProtectionSyscall.ihex,error,
sam3-mpu-TestMpuProtection.ihex,error,
tests-sam3-pdc.ihex,error,
tests-sam3-spi.ihex,error,
sam3-hsmci-hpl.ihex,error,
sam3-hsmci-hil.ihex,error,
sam3-hsmci-sd.ihex,error,
sam3-hsmci-fatfs.ihex,error,
sam3-dac-pdc.ihex,error,
sam3-dac-fast.ihex,error,
sam3-dac-timer.ihex,error,
tests-sam3-TestSvc.ihex,error,
tests-sam3-lcd.ihex,error,
tests-sam3-dma.ihex,error,
sam3-adc12b-AdcReaderStreamPDC.ihex,error,
sam3-adc12b-AdcReader.ihex,error,
sam3-adc12b-AdcReaderStream.ihex,error,
sam3-adc12b-AdcReaderNow.ihex,error,
sam3-eefc-erase.ihex,error,
sam3-eefc-read_write.ihex,error,
tests-sam3-twi_pdc.ihex,error,
sam3-timer-Alarm32khz.ihex,error,
sam3-timer-AlarmTMicro.ihex,error,
tests-tkn154-packetsniffer.ihex,0x66 0xfa 0x2a 0x8f 0x76 0xb1 0x5e 0xf0 0x6e 0xa4 0x6e 0xca 0xb6 0xcd 0x26 0xeb 0x0e 0xa1 0xee 0xb6 0x2e 0xd1 0xde 0x93 0x7a 0xe0 0x7e 0xee 0xd2 0xb1 0x32 0xa7 ,TbT9+9MHKu2dYZtlcbO3gqMJzo2P4i9vbAhDtlH6nHQFTWLviIIZt0lT1VcxkIbTnhgIMPfse4K9hp/PuR5W2AljYawSSBt4F34aUBOt1e85s1BwhJT6aJhDO8g7V7LYm/zlcLGjMhhAkbfwanwpsxCWwsR+QlLisnCPlLUNr0R2YiDnu0Trqdd5AL8LIgpkRehlDM0IQgRS2MFwR7c4G2q1+RIwfX8KocTqV6DspMg=
beacon-enabled-TestIndirect-coordinator.ihex,0x44 0xf6 0xa0 0xb9 0x48 0xed 0x54 0xeb 0x50 0xc0 0x6c 0xbc 0x6c 0xdc 0xc0 0xdc 0x58 0xc4 0x5c 0xee 0x0c 0xb3 0xec 0xcc 0x50 0xd0 0xc4 0xbb 0xa8 0xfe 0xf8 0xa0 ,cwCoH5jQ8G3ke5HAIUlvAq1zd3W5VtHq2YjwfFnLTlUta/N8S7nhhuWNoIE4WrEphM93CgSFIdEbJi+FY4+dY9AK5+amr1okec8rQxZ7HGlDXSx8WfoSzD+7xaJl/806uHL72/ojFF8O+0iih1LzYcICT/zXQJVRjyc9GhLeVnJl01NtaXX7q2kCs1mKCwMlh/xFp2jEBcH1KYE5U9q/SRgybQFW5l1D710BT/vLM/k=
beacon-enabled-TestIndirect-device.ihex,0x5e 0xaa 0xb2 0x9f 0xea 0xa2 0xd2 0xed 0xce 0xc1 0x76 0xb1 0x1a 0xe6 0x96 0xa4 0x4e 0x9b 0x7e 0xe8 0x62 0xc2 0x5a 0xa5 0x6e 0x9e 0xaa 0xa3 0x42 0xae 0x92 0xd6 ,tFIX2673eU3oa6WORc8Pe6TL/wK5tiat4JTq3T/P9HvaXXS//VvYPWyEEHPw0aW7XmARmSsbiTDlB1tHh5uy0FKNc9I1PXVDTmiCSOdGYAYvsvLP5JyoaxJfY8X1Wj6FmCj5WlK05DN7V/2lM/K+Z4uChcvtEVVI+E3O6pLVEiYPxafXkokhCTswWIP9r64AZoRMDlSpOobdhm2dSLhzv806auUPprRV50DiqAd+UnY=
beacon-enabled-TestData-coordinator.ihex,0xc4 0xfd 0x10 0xeb 0xa8 0xe9 0x60 0xbd 0x78 0xa1 0xa8 0xf5 0x58 0xba 0xa0 0xc5 0xb0 0xae 0x14 0xe9 0x70 0xc7 0xe8 0xe0 0x7c 0xa8 0xb8 0xea 0xa4 0xf3 0x6c 0xd9 ,J8OWxEkklbArWAWhipClLIg1/KhfL713dxUaR8+QDrDbN+Ggx3n7h+FA9TNO4DH9U+GLOSZXKVXR7ronGJJW7r+Os74j9OSda5tkYk1UGNE50wZJpt8Js59pD9XwFR3ztNFrczaLAUGbSatE9J90u3uoRdXzumEopBp2hv6gSJpYyd08bOlWWhB9Sj84moNYDuTlwmg0Rz6lE5ocAsVknzOyTFGK4CDKrnW9P21rqOM=
beacon-enabled-TestData-device.ihex,0xe2 0xf0 0xd2 0xd7 0x22 0xf8 0x1e 0xcb 0x46 0xe0 0x62 0xef 0x3a 0xf3 0x1e 0xb4 0xb2 0xef 0xd2 0xe5 0x4a 0xd1 0x96 0xda 0x0a 0xf9 0x4a 0xd3 0x2e 0xa9 0x16 0xbe ,YX/KJriptNnlTJAk5ZIoCBZAN2SS/YFKMpVGdKGca6drzMghmM/NunAvIbhTWqEkuDUjx9WTk0KrAHFhBftfQHJjDUWEgbjGSJelrwHh1yye2cJNK1O8NVRW3qh2qt71N5ZrF0jTdWXwRRlChj5tfkfkwqIOQNUwtT4B2L1aQ8/YrnK68xe2tjI0Kh+IW0Pxd+e2swYmDkOvnQZrwa59hAh4VmV0gl/nsre6hDW0IOY=
beacon-enabled-TestMultihop-router.ihex,0xce 0xed 0xde 0xfa 0x46 0xec 0xe6 0xdd 0x32 0xe9 0x96 0xc6 0xfa 0xc5 0xaa 0xbe 0x32 0xce 0xd2 0xe2 0x16 0xf3 0x82 0xd2 0x7a 0xec 0x3a 0xe6 0x26 0xe6 0xb6 0xc2 ,eaoidPkQfuHBtUTfGFrtHxuwK1B9ymZdZeVyXzG0AT1GFPrQHQujVaOg+1/zkGDPCC9vg+1i0Re5Xz8F6yioLHiaxw1v3bvy90GLVXLPDIQrzPSt8OctoPFmuiGfwg309XW5roaApupt/MReejlmEvvL6ovKEard+CGjHZtEUkNIVwEPDMrFbo6hMNXpDdHEmi1IsX81r87C/gYceXVvSjEVAh3BFoDTQilDhOHFAHU=
beacon-enabled-TestMultihop-device.ihex,0xa8 0xed 0xe0 0xb9 0xd8 0xd9 0x18 0xf5 0x7c 0xa9 0x28 0xb6 0x68 0xf4 0xcc 0xa3 0x48 0xe2 0xc4 0xa6 0xbc 0xbf 0xb0 0xbb 0x20 0xd3 0x84 0xf5 0xe4 0xf8 0xf4 0xc6 ,HuPPmiVau3UCrULUi+HYR1rFZd2JFog3MLYbXbujY4P77inj9eTJiDMKnch1i9bZLAxZaIgXxgTh6c336W3n43/u8RqxAvb3cfXkaXDQNJMOsFydABdegCKAJRkCyPJR/7vTDlw5a7gGC+r0y5HOGK3xPHlsW0OjJ3P4pPd9ofxr3BW8iZZiqLheyg7a+HwkXful38qBnJUJWPqCzBFy6pjQP4OBmx7ZbM5T0Bvtekk=
beacon-enabled-TestMultihop-pancoord.ihex,0xc4 0xf4 0x28 0xc6 0xe8 0xde 0x6c 0xc2 0x00 0xbf 0x8c 0xaf 0x64 0xd5 0xa8 0xd4 0xb0 0xdd 0xb4 0xd3 0xe4 0xcd 0x50 0xef 0xb4 0xb4 0x9c 0xb8 0x68 0xb1 0x50 0xd7 ,r8HErJcasw8r3dm3Nm+OusSoORTp0bRaZDaapWXpELsWPjoXhzRMYKw60IMX+/URG4CbpCI8Tg+OdEb/A7jb7dq0DaAiWN88f3/T+BaDBse8A7/rtdrCxISpZjb8PU0Hs4zbqr3m2+fL+276XhYlenzSYFetz5TUQ4s6dYQFfhPOxh2oGOxkIhfZBbNxZiTgCiwdCZ5QFwoVQGCxj9j+ou3VhLZZovGC3nLZFuJhS2w=
beacon-enabled-TestAssociate-coordinator.ihex,0xe4 0xea 0xf4 0xf8 0xf4 0xb0 0xb4 0xea 0x4c 0xbd 0x00 0xda 0x10 0xde 0xac 0xc4 0x60 0xca 0xa8 0xeb 0x1c 0xff 0xd0 0xbb 0x1c 0xcc 0x38 0xce 0xa0 0xa5 0xec 0xd8 ,jV7ThiLneDrU4I9flMzj/QGGx3OIOeyBDcgPYRGB7Ekt0hM/QyRVOcQ37SgCPSFIQLJivvB2iC9r7rXXxC2QdbHvQhvLa5AkTC+Q0cf7kj66LVJbgJ/ZOPkgwNe32XUIfFaaOUmj0+E1kvWUwzvfByll8bLgNyl0TtViBvNtPhokXnNLjmPdNqe6+KwmjWtVvJjx2Y9VkMr4szaQAZOvKMC2NlwZ6iD3+QiDcYTBfh0=
beacon-enabled-TestAssociate-device.ihex,0xd2 0xca 0x66 0xa6 0x56 0xad 0x3e 0xa3 0xde 0xe5 0xf2 0xf7 0xaa 0xac 0x26 0xb5 0x4a 0xf5 0x2a 0xd6 0xea 0xe1 0x6a 0xfb 0xf2 0xf9 0x82 0xd7 0x96 0xfd 0xde 0xc3 ,gCJO1OMIMKa6UNA9BAUp9hDlPTMsfh8cGQCZmICwYcUg5uiBZnhZARm6uW9HMSViAKiN4M1sa2WCCL0F1vJSFqgZN6JlVmg2I34pIILt/mi3Qy8R8ovwZXpyMselt65txN13GevY7RsrI0tUthqtCpvNIb//KoKTkHDMS2LW+yfFf9QbHniec5cGdPGUEgFVogU+Jk9aOerZEJUB29sofLMLLjizUA87zqDGjQRT2+g=
beacon-enabled-TestGTS-coordinator.ihex,0x98 0xfb 0x54 0xe4 0xa0 0xdc 0x14 0xdc 0x34 0xf3 0x94 0xe6 0x4c 0xe7 0x50 0xed 0x48 0xfe 0xcc 0xff 0x58 0xe5 0x3c 0xee 0x48 0xe1 0x98 0xe2 0x94 0xc9 0xe4 0xe4 ,0tE4KwatYZ/Qg1NNYVrJJ9z8FBstALMANtFlwP8QFPs52/RGhCIOZ50dmoBt2YkFhSHP7mIBAdahkf0SQQCKwFI8sF9Ri7ogafpI4la3Bo6AUOeOM9/34fU3UgNlzs97UIH+IMUql7eSo2XKTJkVf2Ho3/FEcSxSa2XXC4Hh2Gv+EQsq7mSN66jejkIlXYzuZTmas5UTcfpC3UMWMBmi0BAlk3T4dHXBtRj1/dmEr20=
beacon-enabled-TestGTS-device.ihex,0x26 0xae 0x6e 0xab 0x76 0xaf 0x96 0xb4 0xfa 0xec 0xc2 0xbb 0x26 0xc3 0x32 0xcd 0xc6 0xd9 0x76 0xd9 0x7e 0xd1 0x52 0xf3 0x66 0xa4 0xea 0xf6 0x6e 0xff 0xfe 0xe0 ,sQ6IDrjXRWNdRxOTtCk3f3dmAEg93SRRndamnTpkgmgctpgVA8JbETiSgCq5cjWOZKJyxcysVXnO/7u5PssE8+XDQKSGSUWIbMiTUH2YuoSw2x3RJfblaxHbcZTTtlZK/RS8+1pDGcbKOVKecOHGtxhWaqwTwntfTH2aH3H6lNEmkpAUcwXrP91ucOgYiNzKIGnI2PJGVwlnCxmXbo0rqfZozwJAIgPuiBSAfy+CNAc=
beacon-enabled-TestStartSync-coordinator.ihex,0x14 0xc1 0x7c 0xff 0x38 0xa8 0x00 0xae 0x30 0xc7 0xac 0xf4 0xac 0xb3 0x28 0xca 0x8c 0xad 0x90 0xac 0xa0 0xd5 0x8c 0x9c 0x50 0xf1 0x24 0xc3 0xbc 0xe0 0x68 0xd0 ,Bbg66V9VKtU2WUTwJpXUYqPFy1zpA/JNo75FYADen+qvn/9sNeFVhtF0KzCnDNbDQSS61LlMWd3Ky+AJv9MFHxPVp+rfcYIR7sQY1FekIdBs1yz5X2ULDWvEoEx4TGaQX8X3wyWU1IW/nG0nt+ri90/1bpFpTco2X/Mvn5k8ncdcjCrOKOSB0nQiRberD2VGPCtSk93h8JdiJIETcWsTXoAlqekxustDZ95XHIvyIBI=
beacon-enabled-TestStartSync-device.ihex,0x38 0xfa 0xbc 0xa6 0x80 0xad 0xc8 0xab 0x40 0xdc 0x1c 0xd7 0x9c 0xfb 0xb8 0xe7 0xb0 0xb8 0x50 0xf6 0xb0 0x91 0x68 0xac 0x98 0xac 0xd4 0xbd 0xc0 0xb8 0xbc 0x96 ,xPvWrHLVxbjmOMBelFuGNRv3TUcEbq2Mvj2c+6O+pmjQ5dKcf6xyyREs+wmAeIxHZWdSiVa4l5rR4gueBc68MiiVEdJmu/DvhUlA5eqXuEiYxIbzSk3+zzw7+zeX0brpzj79h7oat9K5YfEwFU18cvDz0/anTPHbRPSr2CLnUO8dEEWHZYUremNJbVu9ub1rXdUaB5fjc60ZkHGteggUxAFhujiXd+JaV9p59F/33/Y=
nonbeacon-enabled-TestActiveScan-coordinator.ihex,0xca 0xad 0xbe 0xea 0xba 0xe3 0x02 0xf3 0x36 0xf7 0x62 0xbc 0x9a 0xcc 0x32 0xc1 0x5e 0xe8 0xc2 0xf5 0x8a 0xc3 0x5e 0xeb 0x9a 0xc1 0x56 0xbd 0x3a 0xf9 0xf6 0xc9 ,XDbrcloC1Ko19W3Fm+HRJ7hdIpS1FLVZcPHmfmzEumBVBbUVGXnD7LwDztnyeV6rwTzj2KX6nA7PJDWZc+dHeZYeeXCUg8bo8RJeZLW7vs7+UX9gCsy0gc9T97igFUhuhLeUOs/UbZiGzkG/PmvTb1uGTIZHcQnnSw1A4rjueN4FoYSqjEovM+XPn3kyK6nlMFk+praEZN2aR+trIp/l3YciH1qqHj3PdEneRKDqPvw=
nonbeacon-enabled-TestActiveScan-device.ihex,0x8a 0xb2 0x32 0xff 0xbe 0xa8 0xb6 0xcb 0x86 0xfc 0x86 0xd3 0xba 0x93 0x66 0x9b 0xc6 0xad 0xd6 0xf4 0xe6 0xa3 0xfa 0xad 0x8a 0xfa 0xfa 0xe7 0x26 0xd2 0xfe 0xfc ,SAGbTlt90AC1t3zFZlBbkim5JWIXqahAAxyIzdEADWYiRfjYnPFeNXjZnyRTJmevyhzEnDEc67UrAT0UutPvuN6JAjR3DCxKRCrJAhElveb0FHNpj3Ubrs4qId1WPpeF1kuJFtae9aFfV5IFmhEUnl0ilUAC8z9GivQjHphIwLDsq4i5OzAFjotRHkIeoEymm+7rVuyTG11pDSG2oEb6jOBNJx2/wkq67DmCmDbwvkY=
nonbeacon-enabled-TestAssociate-coordinator.ihex,0x18 0xaf 0x70 0xe4 0xd0 0xa8 0x04 0xa6 0x68 0xfb 0xa8 0xa4 0x9c 0xbd 0x10 0xc4 0xdc 0x93 0x4c 0xdd 0x4c 0xe0 0x78 0x9d 0xf0 0x9d 0x1c 0xe0 0xd4 0xc8 0xb8 0xaa ,5776v52HQjX0ITckrxeKnx6MDLeZSFEacgcynikLBgIfH6LuQ64Q6X8Z9nTKFb45aVOO/X7T01IDVEzsV9IDH4H6F5hmN5YGfTGBYN2f5hGdz2nkfEbPpYj7/ME4rOR/PgRx6/XYfyZmEDOf+cEEHLzGJMcbOsXriqLETWlXLviviT6QVSbXx9kRI9BR5aPsymKZUoTAUU0ryvp4CArO/9gHQffizNQFo3N+ldlGTwc=
nonbeacon-enabled-TestAssociate-device.ihex,0x82 0xf3 0x2a 0xc5 0x22 0xe5 0x5a 0x9b 0xd2 0xde 0xee 0xfe 0xc2 0xc1 0xea 0xa3 0x36 0xe7 0x86 0xfc 0xda 0xc4 0x2e 0xda 0x62 0xee 0x62 0xa7 0xa2 0xe8 0xf2 0xea ,a6cXsDy+YhwGoDruaGN3hBdK2r5E61OUW0tKFRiLXwDiPIi+s7dzQGeUfJw0gbKHJsFR+gMCDKElnjHiN/4RmAD2Qqsi3srlJz5gnn4XZgq+p7xOE/AZzSE3KC4442nUeW6clzCkokiXhnh5K/ip59W/WOo5Y4EZlCgXhr+8ZGvTiPGqNTSClnuwCbLECP8UJ3y5TipZgDDGIs7CvIcbLkGetrqaCyhQ3L/OI64QR6E=
nonbeacon-enabled-TestIndirectData-coordinator.ihex,0x0a 0x94 0xd2 0xd2 0x7a 0xc0 0xbe 0xde 0xf6 0xcc 0xe6 0x92 0x6e 0xc5 0x02 0xd3 0x02 0xe4 0x7a 0x90 0x16 0xb9 0x02 0xe2 0xfa 0x95 0xe6 0xd8 0x36 0xee 0xce 0xa0 ,43bg7X34fw2pL1xn6R6KwU7un3Va7KrlE4EjCVPpn9vedg1mOOLB9M2rsN3Eje4O/kGUTlsZhi0sofxugVtlQ5DhJEX2ItCj2UIAndTlYuljO2/xV6h+yWECLnjgqjCgiVxT0NMeo5QshZcwvlVwA/9cgzLXD9Go7qkN85nxnElpmZSP+Hkjx9sNVJUDNOXhqAyKncBX/UwJqQqekEEg0/vCA2+erZps+rUUCOvL5Q0=
nonbeacon-enabled-TestIndirectData-device.ihex,0xf4 0xb5 0xd4 0xd1 0xd8 0xca 0x74 0xa3 0xb0 0xe8 0x74 0xc4 0xac 0xb8 0x0c 0xca 0xcc 0xd2 0x08 0xc1 0x28 0x8e 0x38 0xfe 0xc8 0x9b 0x78 0x95 0xc8 0xbd 0xa8 0xab ,ji9O3ZiLOpCmYwpo7RJk0ukTDBCfWfr9bQ+5SG2tEp2hREVmSZh0Y2X46jqppAuRwd/mUkBgB+TW4CCCGP+Gc2ggpRUY/hGw5O0TVn7kUYQKiW7QifWi3za2thPaamtFRNpsZ0QPL3nw2PpZ9RWk/b1YEON32BP2tJFTdvuBWtZPfmPQeGr2oW1z2VVrS/38K5nHezINEDwXqYHUwSN606ZYjxWqQPlrw8YXGFIiW7U=
tkn154-nonbeacon-enabled-TestPromiscuous.ihex,0x80 0xbc 0x9c 0xfc 0x20 0xd8 0x8c 0xc1 0xfc 0xb0 0xa0 0xbf 0x48 0xc2 0x3c 0xf7 0xe8 0xa3 0x74 0xe2 0x70 0xa7 0x08 0xa3 0x18 0xdc 0x44 0xf3 0x30 0xe0 0x04 0x9d ,1vdnT2HBxNI8GV2rWVFzY3scsovGKTIO250RJJHrhArIYE+AIPgXmNuWo/vlm2npuq8D5ERbzm4QmggVOxatZ+C/i1krbQSG7jcJvOFvbWqE/Hsx7zH+razCCJ+vs8/wmR2TSnKucTC+jaK56m2JMTH6tPp2XiKHMULWhCzJaosGSTeXrDI5QiTcxUVQWceQMTta8wKmXKhCczFLt9I6loNq8cgMnWBcgouAou9/+UM=
apps-tests-tkn154.ihex,error,
tests-eyesIFX-RadioCountToFlash.ihex,error,
tests-eyesIFX-Timer.ihex,error,
eyesIFX-Radio-TestUARTPhyWithModes.ihex,error,
eyesIFX-Radio-TestUARTPhy.ihex,error,
Radio-TestHAL-TestTDA5250Control.ihex,error,
eyesIFX-Radio-TestPacketSerializer.ihex,error,
apps-tests-TestDissemination.ihex,error,
apps-tests-TestNetwork.ihex,0x8a 0xae 0xda 0xd2 0xae 0xd9 0xd6 0xea 0xa2 0xe6 0xfa 0xc7 0xf6 0xbf 0xca 0xef 0x86 0xec 0x8a 0xfb 0xd2 0xf2 0x4a 0xd9 0x26 0xf4 0xb2 0xb6 0x46 0xb8 0x7a 0xde ,6MmJ5TtKnuwseOlrtpss+MMCKUkNmH+AfD6pEOj1z86tH/JA5m78OE7syVNCCOtyojjzqp7LehRrjXJPtsDvuGPshZW3Zw+cY0ZVDUSAA1L9TENifNq29a/x1/owvySRG0cD/q3zSoOQnh2v5Yto69/2n2kcuANXbwmaLjocVUDyN1Vn7CPc0eQnV1WxuWNF+0N0ICsjOfCECtEB4xrKpJL2iTV0CCHsAQV3U1sucHE=
apps-tests-TestPowerManager.ihex,0xf6 0x97 0x3e 0xac 0xee 0xca 0x6e 0xe3 0x7e 0xc8 0x6e 0x6e 0xca 0xfe 0x9e 0xfc 0x4e 0x88 0x46 0xa3 0x5a 0xee 0x76 0x6f 0x06 0xe5 0x56 0x71 0x36 0xc7 0xc2 0xb4 ,VM2UOHe4FkIGyAH/HAqDVnPIkh1CZu7EbewtA99UxSSdkavXsySKN7hhVruqKUfPJPXLyDYxTY/aPVA7IeNWUCpi+O6OptE+jWOTBT0pWoIZqMQ5/GDNRfSF5yA8Py0w8yeqfh3CcihbkUgAdUlD9m33SSnNpWyotJXstQg21+JRJMGfpyHVYSNfhm9Din9YUPbmk8HVP6X9QoqgM3n68CCksYDpyiyco5qJg/oz67E=
apps-tests-TestAMOnOff.ihex,error,
apps-tests-TestMultihopLqi.ihex,error,
tests-storage-CircularLog.ihex,0xc0 0x87 0x14 0xf5 0xac 0x82 0xac 0xc4 0x20 0xdd 0x8c 0xef 0x70 0x79 0x0c 0xb5 0x3c 0xd4 0xe0 0xfb 0xf8 0xf3 0xb0 0xf8 0xbc 0x9a 0xc0 0xe4 0x08 0xf4 0xe8 0xc4 ,Nn1ZuWQ8YvNElTC7haJxLpKLkvoJJzEbhHqjj1VGQEDI4PnNvOZcmXPs0mbqvgvErJxBdM1bD0xUj0bEcAsnyE1raHVemIuKQ+DOyJIloeMR0M9/b9XWUSUumZYpsJ0Gmis9cNA2BaAY4SObSpPjNKsaxgLsil+SUHLXL9MexYrYa4jH1+KClMoFX1houVW59Iz6BS0eV2GjoFB27AnAYzzdCuzOy4TNnQaPX20+oOM=
tests-storage-Log.ihex,0x50 0x8c 0xe4 0xac 0xdc 0x8d 0x44 0x99 0xac 0x8d 0x28 0xc3 0xf0 0x77 0x98 0xa9 0x00 0x75 0x8c 0x82 0x44 0xc7 0xfc 0x9e 0x34 0xf5 0x6c 0xd7 0x08 0x9c 0xbc 0xc7 ,sy1R5FVsyCU8qJZgMU8EC0tu1V00zgsix9AWXTnAv4f7THLYe/bYtdlCUmMXmp9cVDw9UabQVDojZA+BEsGylx1R5LN0xHs8hn62gsWbt0oaeYutNjldgw+9tTAscFgSH1/SWojjG4cJRRdIdmHsmf+h5fGVSRKBOZ2IA+Zm5u0+nTLAGCT6rIhWfBKyxaxLsD1VGqxEMNIo7OnRdcRTshnzPsNFsLzvFqZIrkF3cvc=
tests-storage-Config.ihex,0x94 0xa6 0x20 0xf8 0x18 0xd2 0x30 0x7f 0x68 0x78 0x54 0x72 0xa8 0xe6 0x60 0xbb 0x28 0xa4 0x28 0x9e 0xe4 0xcf 0xa8 0xe2 0x24 0xd2 0x78 0xe6 0x04 0x7e 0x08 0xf5 ,1Oaj60i8bdbfxS0M0y6ZnE47NqMGihKuS2+nSIw26tgGM5PqNoOrSoxII9TyMZ6w73jK2IwLXDDjar7NfaSg/yDcPYObXcW4tYGnrqqQ3v24lnbVl3GDzphzrBwx27K5D1byLkVLiv+UXXNSacLdFSwD6K8iiFs+FScZAmB4oJKhSvbx0nfubZVzVe24UkNR8Wdz5GrBiGfiDOpUQJbk0SZ/sjgwQ/U7dkhTAOINkEo=
tests-storage-Block.ihex,0xcc 0xfd 0xc8 0x89 0xd0 0xaf 0x88 0xef 0x98 0xf4 0xac 0x8a 0x54 0x79 0xcc 0x85 0xb4 0xf1 0x74 0xd4 0x20 0xa5 0xac 0x9f 0xb4 0x8b 0x2c 0xbc 0xf8 0x9e 0xd0 0xf8 ,Hye2Ldv7osIG0l8Xq6vDX9DlZvOIbAgQ059IoTqkF78UVAY0MsaPMouVLdip4YQ9GmJ7JHNgp9OlKOeyIvGSMDy2mdmQqHJ5gO201K+C7/AMNk3layjnLw0HINS9tibCU40T6GXsxxD0f2tOUmFLqJDozbsUwV2lfQ829hwBE2+69m39/D/Cq+hTi5IssVFnPM7RhkG9a4DPRqTkAfgz/X7SE/4pQnhXfOBmZfq02+4=
tests-storage-SyncLog.ihex,0xde 0x96 0xa2 0x9d 0x9a 0x91 0x26 0x7e 0xca 0x8d 0x66 0xba 0x5e 0xac 0xe6 0xfd 0x9a 0xb0 0x36 0xb6 0x56 0xa6 0x96 0xd1 0x8e 0xbf 0x3a 0xa7 0x6a 0xb9 0xbe 0xc2 ,eUFKGKyXQfZwcdWoWi39+DVjqdQlhO4wRLARfpplIhKemmvy50sNO6MqxdDAxI+/pFR5gP6VNUpJBgeZiYDUoVCaHf5ilM4qZ6c7f2ODaMW7VArgMp+/XBHZrCV8rPVMI+/+rdJx1atNIcirrSERw7Ghwwn/4mh0UroOLhTIBF2J2vscO0evKjjX9MPenodqsAXvEm6rDkvLLuAg61nyQ5D0y+t1kKj+FBrTZKxFcF8=
tests-rfxlink-TestTimeStamping.ihex,error,
tests-rfxlink-TestTransmit.ihex,error,
tests-rfxlink-RadioSniffer.ihex,error,
tests-rfxlink-TestPacketTimeSync.ihex,error,
apps-tests-TestDhv.ihex,error,
apps-tests-NxFloat.ihex,error,
tests-telosb-TestUserButton.ihex,0xdc 0xd0 0x38 0xf6 0x70 0x75 0xbc 0x7c 0xb4 0x5b 0xe4 0x6e 0xe0 0xdf 0xe4 0xb8 0xf8 0x93 0x28 0xb6 0xec 0xee 0x00 0xd9 0xb4 0xbe 0x34 0x82 0xb8 0xef 0xa0 0xa6 ,bGQbijVeJzV3WjkXf3KnJlQNTBzk10XWpuyv07Pwpvibgkgk07OGUQbYJzgmzKTBx/8Fa3M4xWx9idDJteTVeZn95PeWCEI++aCMseJoQlh1UMf3sD64DudTDFnP9jP0ZoX5szKjTIeLCBs8Qhvwi19zPx5A4NNn75F9LMDYxKG7+RuBa7NFonW8qxdpI+7hmqtS7PPawWUvne/KSSvJIYyLMTbC4N6RJq9r2Vr795g=
apps-tests-mts400.ihex,error,
tests-TestLed-MultiLedSingle.ihex,0x2e 0xf4 0xfe 0xef 0x0a 0xe4 0xf6 0xd0 0x82 0xc6 0xb6 0xf0 0x86 0xc0 0xb2 0x5c 0xea 0xed 0xae 0xea 0x62 0x72 0x62 0xad 0xa6 0x63 0xae 0xce 0xfe 0xb3 0xae 0x76 ,3vBVzEeugFam5Smzybq+PfSFE9ZFUr0vJQiS01VhS/eIKq/bONIwCLkS2BfhetBVvBInT3WRfi7sZib6yyOGvvNMMpQnPGcWFtGun4DmvMzVJclvxPiZdBYIVEGWxa/sEuN/jUQ5yhi1kuCgVZ6GDrU0A2kUEymjpCbrCHGBUrtVIYWhjVz5huZgbEDOtDdSxeeS8tf0F+SmLww/7CkcMq4rCOlMVbrCkm32+aTfZnY=
tests-TestLed-LedColor.ihex,0xc0 0x82 0xe0 0xc4 0xc8 0xa5 0x20 0xa0 0x08 0xc7 0x58 0xbb 0x14 0xb3 0xb8 0xb7 0xf4 0xf5 0x94 0x83 0x90 0x9e 0x24 0xa8 0xbc 0xa3 0x8c 0xb5 0x00 0xc9 0xd4 0xac ,QwUgMb0dyu894ydjZdcWWiL6yj/mBD3j89jeJPjjYXnJ3S9fULijiBEQzQSV8sKNzKzlR988uxZIEZbU8UG04jqQac4bIeycKkdg+Fidt59R1Plk59/0V/OD3jibjYtbs5dzvRXyABhVG7O0gZ4SRqMFe7yc4bn+ltjMUfWKxiEbWVJDXmVAhSUPEOhKerxjL0ej1rurk83z1GAN8Jk/Bq1rdJwOnuRXU8vbSZMSh5M=
tests-TestLed-MultiLed.ihex,0x8a 0x63 0x46 0xa8 0x16 0xeb 0xe2 0x96 0xce 0xc9 0x6a 0x83 0x22 0x9e 0x86 0x85 0x22 0x8e 0xe6 0xc1 0x66 0x8c 0x02 0xd4 0xce 0x7f 0xba 0xdc 0x0a 0xe9 0x22 0xcb ,WP5TMwl0NHwl/9CerQL8vk2eLwm0jFd1v9AU8D+CBQvTm772KoAr/I0NcpeylkCG9qTb4ap01blSZhHs/xITy9Ad0PVVG1f6G8yreTKLOjZdaQekbKz/lyPBVM0CppFcQL+FT0Qs9VkI4rlLWVusSVldpvo3Le7QdCl8jcGUVvQUUNKFx5fvyhEXYvoFbboxc2C1U2GUyKZuIhwumZapJ2IHnnNRURMr+BLNzZMC7a8=
tests-TestLed-BlinkLed.ihex,0x2e 0xc5 0xaa 0xd1 0x92 0x74 0x3a 0x75 0xbe 0xa9 0x82 0x81 0xe6 0xcf 0x8e 0x96 0x66 0x6a 0xae 0x8b 0xfe 0xf9 0xe6 0x54 0x96 0x80 0xd6 0x56 0x2a 0x9d 0x36 0xe7 ,k/DyMfoIDo8roS9Of9dhOnxOXd0rdUPZIlxJEbBX/srwo5xtFyhce91mxATsDhPrY7XkUpkwz8pSVmr583Jz7OIVxEWZUNJxoPB1S81mLhSSPQ3v3DZT4e7TsGSv4Hv/qyT3R+tHZo7ax95L+iEGDzzQ/xX+Inq5oRcOMJmuOu43WxoZ8SKM7Rg7sFqmoyE0ELVqhIqbJXCpDIxkQ5wVcApukTpqT5uDZ81ylcCicGw=
apps-tests-TestSerialBandwidth.ihex,error,
apps-tests-RadioStress.ihex,0x0e 0xeb 0x7a 0xb4 0x32 0xc1 0x3a 0xdc 0x82 0xab 0xe2 0x83 0x12 0xcb 0x06 0xad 0x22 0xaf 0xc2 0xb2 0xda 0x7b 0x9e 0x6d 0x0e 0xf2 0xfe 0x80 0x8a 0xc8 0xea 0xca ,woWJ4DBSnH3nFJZ/q07rR70kSvplkNdEjkBJadk7fvhmbfHmxBtOdlqVhktf/PZGm+HNmT0YqU9YF9UvYqSjzGZntIat9Oqhfg9lMmkN2d6a2Rchc8E4wDQmDDR0og4P/nRR9Tdzy53nAhTQTlbUQAkeiJMhoykQEO4JpPne+L5/UpTaV7eS8VCKhJ5NFo5yXQhjTmyAiSP3+dwHb4UBuUO7Ts0nHGa7diuWoFH3YDE=
tests-mica2-ADC.ihex,error,
tests-mica2-mts300.ihex,error,
apps-tests-TestNetworkLpl.ihex,0x74 0xff 0x5c 0xef 0x18 0xe3 0x14 0xde 0xec 0xe4 0x90 0xdc 0x84 0xf2 0x18 0xc3 0x78 0xd5 0x04 0xf5 0x88 0xb2 0xec 0xb1 0xf4 0xe8 0xf8 0xfb 0x94 0xcb 0x48 0xaf ,UskUTxVm/9TNo3pqTy7hZ4sRHCJSZ29m8mU7ofFotMC3FY0rF0cPhtduhv101dpmNlGuQulK+QM85IoAzQeZ+XgW252fgTtPcT0uQ965B3j6O6f9Xmkb5zinLqOJNHnDEW8gO40I9DlVmNwn2hez16gm4OTYy98iNucyqFFf05yA59u/+uU2xrKybdCi7aimSe1wSv5tC/CGn00CUBnkd3qEo/cmirmB19xuHpxA0Ws=
tests-deluge-Blink.ihex,0x96 0xca 0x22 0xbf 0x52 0xa2 0xc6 0xf2 0x3e 0xc5 0xfe 0xe1 0x32 0xcd 0x26 0xfc 0xc6 0xac 0x1e 0xdc 0xca 0xe5 0x92 0xe4 0xb2 0xae 0x4a 0xaf 0x92 0xb1 0x6e 0xe4 ,mvBSkW9PR0GPt6avVjV5RETtfVwkvu/Q+qKCKTEzsrqhq4/tmJxQYyPFyyS1P//kEq3DXqzg7Hs666spWJZ50p3wdFEJa+Z5cfj/OkyJoOZ5Heerez4SaILG4aYlg1jS2TCGLMmVsexfWalXdVZRslqy5PHL5MpUg4GSG5rLEwoFcr5Jk/wsFqu6ETPyVHYGYNBUBImKc3l7AaFmamEPv2vST/YArz5cXXfBYmJFwFE=
tests-deluge-Basestation.ihex,0x04 0xf5 0x90 0xec 0xa8 0xbd 0xc8 0xbf 0x38 0xef 0x1c 0xfa 0x94 0xd2 0x00 0xba 0x40 0xfb 0x64 0xe7 0x48 0xf0 0x20 0xd7 0xf8 0xb4 0x60 0xce 0xd4 0xfc 0x08 0xde ,1b4iXhhlVAldacSWed+XZs23auFFojsNGmjADs/pCPVVOrBC2ZJwtjVhn3YacJK2qogNT3w/Qdlj+/0PGOz/oYaPs4BoOeifhhshEaB+esIYCRnhjaMkxMoIQaUJ5XuWMhZNc/X1FgYHKb6ZePwPC8TbftBtlpGFrpodLLqneY64MsKxDKcHQE+EnpN6hLlr3nal3+fToAL5EDCrZ+bYsJESpsRW1O0POHPRXIv0tZo=
tests-deluge-GoldenImage.ihex,0x50 0xe5 0x68 0xea 0x2c 0xe5 0x0c 0xba 0xf8 0xd8 0x0c 0xd2 0xac 0xbc 0x5c 0xb9 0xc8 0xc1 0x18 0xd2 0x0c 0xcd 0x28 0xc0 0x0c 0xdc 0x24 0xbd 0xec 0xd9 0x28 0xcb ,fPuuamNNUf/0moAvnFxq916OExVDm6etGNbGHTOZYIqBA2a0IKaRjV3h2HFjIWzSdUEEMAYIx9r64lrO2qVjdZoOMtB1xw+Zf6GouOoIvG7JdmTHvroCgNcHMGUwENzPD1RcVmmZxBJgqZZTMgNQkC2nfB08Stm0z9Xt/TY48JQ4u3h2qYImF704tENUW6lCXKD/D0cfXFGOJD9upl8l3RyEANZ3p2f2q70b9V+s+W8=
tests-deluge-SerialBlink.ihex,0xe2 0xfe 0x26 0xb5 0x16 0xf1 0xc2 0xb3 0x52 0xb1 0x16 0xdf 0x02 0xcb 0x3a 0xf9 0x62 0xea 0x56 0xf4 0x02 0xf2 0xca 0xdd 0xae 0xf1 0x9e 0xf1 0x52 0xf1 0x9a 0xbe ,yT3+rUYiS+lgBkc9OvmyuwZm3Mvy9NlfPEGG82ZaMnkxTMsvzHFMHTdARBoED4yKYBJDGincOe/AQ+zRVCQS6wfxJ9ZdI+Hvy4iub7I7Y0Gq/8WJU67nhtvv58/bFpoeBL1ZKSWRrGcwJS93gi6cXKr0Bls5RvgTivlKuiLGNuSGQZ4Kkef/BrLePwGCHIMIILDb3FjDkGgOyIYNxN7taoY9DOZreOlZM6mJUVsIJkE=
apps-tests-TestPrintf.ihex,0xfa 0xd9 0xae 0xd6 0x8a 0xe8 0x66 0xbd 0xea 0x81 0x6e 0xd4 0x06 0x99 0xee 0xd9 0xa2 0xf5 0x76 0xc6 0x66 0xfa 0x06 0xd6 0xc6 0xbb 0x92 0x80 0x7a 0x76 0x72 0xd5 ,s1xF1ZazHCdiUpduEvSKH6iOA8RI3IZ9SCBZ/z8jDr8TGJdOV0HIEhYO82WdN7Yhw9YfQj6IJYoUO3LJfyaz7lqkHL89WZhBy36lP/O0qwshnsFHQ1XCMl56HWBDq015pEFkEgG/EPBdk1K0eDKQhji/NITbHtgGfr3h5WkVVDJltXsBK6x9x+AOImZwe6KytdzjmZU6CivM6hqztB0R1KL+16U8v4yj+tCunbBekcs=
tests-z1-Print.ihex,error,
tests-z1-TestEui.ihex,error,
z1-Accelerometer-TestADXL345-XYZ.ihex,error,
z1-Accelerometer-TestIntADXL345.ihex,error,
z1-Accelerometer-TestADXL345.ihex,error,
z1-Ziglets-TestBMP085.ihex,error,
z1-Ziglets-SimpleTSL2563.ihex,error,
z1-Ziglets-TestSht11.ihex,error,
tests-z1-FastADC.ihex,error,
tests-z1-TestBatt.ihex,error,
tests-z1-TestGPIO.ihex,error,
tests-z1-Phidgets.ihex,error,
tests-z1-Temperature.ihex,error,
tests-arbiters-TestFcfsArbiter.ihex,0x7a 0xe8 0x76 0xb2 0x06 0xfc 0xe6 0x87 0xe2 0x88 0xd2 0xa1 0xca 0x8f 0xb6 0x93 0x12 0x9b 0x22 0xcc 0x1e 0x8e 0x2e 0xfe 0x22 0x71 0x66 0x70 0x9a 0xb7 0xee 0xc3 ,TufCxpbh5mKWkUahh9oWdFh/B5vehKgMml4G2T30f8eBw7ArFubCgotCx5rV/XPOsq6XHVer3VSR7NVTWPgQQRsRRE51zTZ7Mb/9NNoCJEGteSKoW298IV7cIl+oFaqN2VTFViLYfKwrlLZQv4KV2A8oCQCy0/GG1QDKFifnW2UEMAgWw2ndlLHfIdxVtXuFxfPPVAmuPYor7LiBp/r9aj0gUfhLNtd472uiasMrEss=
tests-arbiters-TestRoundRobinArbiter.ihex,0x7c 0xdb 0x5c 0xf0 0x88 0xfd 0x78 0xc8 0xc4 0xe9 0x70 0xce 0xac 0xbb 0xf0 0x9a 0x24 0xd4 0x1c 0xdf 0xf4 0xee 0xb8 0xda 0x58 0xaa 0x84 0xe5 0xd4 0x7b 0x20 0x6c ,PtdnNxM1uu7ReEcAQKxG3e9KNAzXRfPYhHIZ3YnUUNpHwuDLZkEplQgAu3cUVYc3zygNlIZZcCC4lyIKGnCsmFFg+xdM4kmDfxN40SnfpaglDRJBU/HJMH24duEEr1y/SNrZh1BCewmolD/DpO4/gnHIQ9cCDosIbg6J6ft3jN/ibDRDqikthBSAxdTzPz42cKWShZRfTHsYt6kosqSfRsbTkMryB+4k18wNaU2AkxU=
tests-TestOscilloscopeLQI-java.ihex,error,
apps-tests-TestOscilloscopeLQI.ihex,error,
apps-tests-TestDip.ihex,error,
apps-tests-TestSerial.ihex,error,
tests-mts300-PhotoTemp.ihex,error,
apps-tests-TestAMService.ihex,error,
apps-tests-TestAM.ihex,0x26 0xe0 0x9e 0xb1 0xee 0x8b 0xb6 0xea 0x1e 0x7d 0x82 0x84 0x0a 0xb3 0x8a 0xd8 0x76 0xc9 0x12 0xe6 0x26 0x95 0x7e 0xc0 0x2a 0xe6 0xce 0xef 0x0e 0xa5 0xce 0xd3 ,x0Y9lmTSlJItsulc0B1QTs6U+MGf28DEvGpNWdkz+K+NgCMqauVtGp7MM02Uvy3AxThQBBp3QMQ9LzPz5Et3CvYzAHaVWBfM6TmLKQlc/5GfVvG6QnqSrADbo6klVgfBDwc5KaL/s1LtcDlJSsHHo2W80FAyko5DMnWN+ZNDpIhzulFbn+zbAVhQ6bJquGG+PSpt+RhMqVEKz49J7UX6JIIs3iY2gkjr4n95tg5wgQU=
tests-ucmini-SensorTest.ihex,error,
apps-tests-TestSerialPrintf.ihex,0x34 0xad 0x7c 0x8b 0x6c 0xd4 0x88 0xcf 0xf4 0xaf 0x38 0x9c 0x30 0x61 0xac 0x59 0x84 0x9d 0x3c 0xd3 0x44 0xa8 0xf0 0xaf 0x4c 0x5f 0x50 0xe7 0x9c 0xc2 0x48 0xc4 ,edhfTn5nAV4btTNZpEW5hcdFyZ1QF2LsT+ZIGEArcivP9xDUvWEq2VmLqkLhFxchGMzN4j6RVEYdFpnkVWN7h3eqw7g3zLV67jR8Uf2gkDH5FskRWvtK8Y9BOMLURbmTjM5Z+YYnGvgZOxrlz4b+M3pSpqAkCn4BMZBrK5X6WdW5IkuCprg1ibGNgfEufAGLzqjaK7L44IWxKK9Mhjsd8dAo9m2wovstZWF3l7uBp6g=
tests-TestRPL-udp.ihex,error,
apps-tests-TestLpl.ihex,0x7c 0xf8 0xfc 0xad 0x08 0xcc 0x4c 0xee 0xac 0x74 0x48 0xf5 0xbc 0x86 0x00 0xfa 0x5c 0x88 0x88 0x8f 0x14 0xd3 0xe0 0xaa 0xd0 0xc3 0xc4 0xe1 0x20 0x8a 0xbc 0xdc ,2jfYmWt4e1hPSMeH27EANCaV5Aaz0tbqcCRsfg+0hjJA0FybtHtd/rpLbBAE2sNOpNEoZmnAKyxVfaCl1dXLabtFdVtaqriK336ltgmCeggBG4/AchVm58wRFMijATTssoNex4Sm/uTb8M4b6RQm/K2P6QWI2K2NLh6tC2p3gMP6FXGl/fBOM40b9deF2XvUzSl4lO+GwIPFMfW6z8R1F6G09uk0nUW5AsflruQNz30=
tests-msp430-AdcSimple.ihex,0x34 0x6e 0xf4 0x94 0xf0 0xbc 0x58 0xea 0x24 0x8f 0xc0 0x93 0x38 0xe9 0xa4 0xc4 0x38 0x6a 0x9c 0xf7 0xb8 0xaa 0x28 0xf6 0x90 0xcd 0x40 0xac 0x1c 0x93 0xa4 0xbd ,txz4SBCtEAesLTjnOtYwsAtj8i9MSZ49iHoVvSAzFiEIkznWqkUIdI5G/B/P9qrQUqgNiWQA/BIwJSN3zIQ+wI4ZK1W6NUQ6Ovp4SGViMffnNOehd84vhwHiJQdIyPbLkMASUw6TS73V+Nzi96FGVpKdWvl0nWNybZ5TguveD+5dX+GcJBTEK6rDSNv4H3TZvJOHIcCHbb+SNn4fOns39mN2aZYKUojR/AO569xuNFs=
tests-msp430-Adc12.ihex,0xbc 0xa0 0x00 0xb0 0x78 0xbe 0xb0 0xbf 0x88 0x6b 0x2c 0xde 0xb8 0xc7 0x9c 0x79 0x30 0xee 0xf0 0xe3 0xdc 0x6f 0xdc 0xff 0x90 0x80 0x14 0xfd 0xa8 0x88 0xe8 0xaa ,XWuKESKuKDZcoJKWXTM1lINtoYxtCxf68A0WhleLeDLJLjcuVd1fUP9V/yupj9NrYYirOE3zTzTCtMdpF2KMwAm8Cq9wVyQm71LWK6q5MiyW0zJQD7HrMRWaTcl39mp9FE3ppXeHydtWcQF3xcbaa774GYamM4c3SltGyFoJHWKQHaSkhMOVrW5OLwlKotwJoxRCPAgWJMuCE7wUZ6OCA51Y8iZBfGwFENR87mW3ipI=
tests-msp430-BlinkMSP430.ihex,error,
apps-tests-TestAlarm.ihex,error,
tests-blip-TestLinkLocal.ihex,error,
apps-tests-TestTymo.ihex,0xc6 0xd2 0xee 0xaa 0xae 0xeb 0xe2 0xc9 0x46 0xc7 0x26 0xb4 0xae 0xbc 0x56 0xa9 0x82 0xe8 0xda 0xaa 0xde 0xc8 0xf2 0xf4 0xb6 0xb6 0x0e 0xc1 0x7a 0x9b 0x06 0xf5 ,nWsgmLsb/cbolmvnhKW7B0uoQ651iEKvt0VtI9QMyoI+mn1aoWpRmrT7Hw+oCIQotCBMbNznVweSJksonzGIJRXBarvgbXMDuOzxjqP5CAigrdmyIs2Q2gajyx+8+S7ZNfAOv+QcAbqIynRl0OVvoJJLevYWjowJXM2guSrqpuoAPeyIlyg3gVee5IpMtUPEqcFC8cRIXTiik7l6oNpUzEmWR6bwwEO2FM1gFirzPto=
apps-tests-TestTrickleTimer.ihex,error,
apps-tests-TestAdc.ihex,0x58 0x96 0x04 0xc3 0xd4 0xb8 0xdc 0x7c 0x3c 0x91 0x48 0x99 0xd0 0xb1 0xb4 0xe2 0x70 0xfe 0x28 0x9b 0x50 0xd6 0xac 0xa9 0xd8 0xa0 0x80 0xb6 0xa0 0xcf 0xac 0xfe ,bA7lSTiFA/JYbzqPYwb1lJLDWbQDXL2WW7liybRF9IWeDdSMZFs8LdIte80URXxJeYgxu93z65dmHI5gkl6ibE/vfMMNrDa/rU2oBzt08Bo8SUhAhOFt6rbuxDDdBtHUoKg1TZp9W6zvJGcfoZ3/2b2FGw3lV+4Y2uSZiS97OxKhX4ykL9sPSy9DEB3i5/hZBWiFTAHogHAZGQo/MDYWo8fLEqcwW6ypIa2LHmAkh3M=
apps-tutorials-PacketParrot.ihex,0x52 0xae 0x6e 0xa5 0xf6 0xba 0x86 0xa0 0xea 0xa1 0xa2 0x9d 0x0a 0xd6 0xae 0xb4 0xd2 0xa3 0x42 0xe0 0x3e 0x9c 0xe2 0xe5 0x0e 0xbe 0x7a 0xfe 0xf6 0xda 0x5e 0xdc ,d8PT0undyg8uueqlgVEB+JQ3DpWLItZb7OyzR5eUcAD3bPSLGi3Qv1VV2qElEKqMGogKUfAgHmBkK9XGO6YrbGwcXoWxaYmfxA6p7XaTN3/ke9oEBaqPEntqhZBDr67qIDTrASwipOACzkzxRSF6PDoNplz2gqKDBKeqFRL9B3Dm68QIHXbAVMRXYwBVpTTRyKN4pU9KxIOyWtCW0bVwLy91j77wWVMFq0xDoETNTWI=
apps-tutorials-BlinkTask.ihex,0xda 0xd2 0xc6 0x74 0x36 0x8d 0xb6 0xfa 0x3a 0xdf 0xa6 0xd2 0x1a 0x5b 0xd6 0xb1 0xb6 0xf9 0x76 0x57 0xca 0xc6 0x62 0xbf 0x46 0x91 0xea 0xe8 0xd6 0x95 0xe6 0x73 ,+IAaNdKaOIFtBud8cKjDv1wmRrcGt6guKbbo3uuvPQyhMvF/wOKF+WzL9h+izZYKb/Ffk3ceZq6ZE2pueHdzaS/x1xyQ5PAAHgTyzBpq82oEXdHTA/VPPn4rYzAY3kq2rcjUjqCJslzppHsYRl8An467d26MBX8cMXhyRHHjgabYzvWj0FSbay4fhIIrG90YkjXTjy/5SVxifdKqM/yzpSkIo3kK5kxCcqULGxx5A5M=
tutorials-LowPowerSensing-java.ihex,error,
tutorials-LowPowerSensing-Sampler.ihex,0x9a 0xdc 0x52 0xf8 0x82 0xd8 0xf6 0xee 0xbe 0xcd 0x7a 0xe5 0x8e 0xb5 0x52 0xf1 0x82 0xb0 0x46 0xef 0x5e 0xc8 0x66 0xb2 0x52 0xfa 0x36 0xd0 0x96 0xd2 0xda 0xf6 ,Y1FwzHy5QipjewhfLyfNXGj6mv28K3xZX4QgBbcX7GTwgb9PaXdBBRdA3D2jnwi41PJHlHwULauN+mukvHwN1LAysPOV2G1tWu0XiRrEVZTX5GkbtfBpMxHkPXRRhLsmiP8rFVnOiYAK5+NHAwjEChRXTVAygp0jIxLNp/AhPxJVBsMccywQAaB9H971DhLdaXNx2bEez2vcELrBLa6DdQEzGWXC/WfCHdlmD0yE+Z4=
tutorials-LowPowerSensing-Base.ihex,0xa4 0xdf 0xa8 0xcc 0x10 0xc1 0x84 0xa8 0x64 0xb1 0x38 0x8f 0x54 0xa3 0x78 0xb9 0x0c 0x81 0x2c 0xe2 0x9c 0xa1 0x98 0xa2 0x50 0xa2 0x24 0xe8 0x48 0x96 0xc8 0x98 ,lfTax/BuH46sYEDr0hjGGq1xkKFVCKHz3aPE+JrYPEKFbulC5oJ5C5oZ+1vQAwupwmhp6mwekFBbijPmpKW8D5zn38Hj/FHOSLFXgJn6solcpsmRZ24ZSt3rZSEQwPoJ9zt7Axi7PX0mGgIZ+kt4y3+k7tUq8ag6gFcSgPyFumUXD8p6qzM/jjSwwK9Fc85oDZxSJUVMwlFkrIHvwqo3z3aTXZxlpf7mkQhIgv/tTaI=
apps-tutorials-BlinkToRadio.ihex,error,
apps-tutorials-BlinkFail.ihex,0xb2 0x98 0xe6 0x5d 0xc2 0xf4 0xbe 0xd0 0x2a 0xb1 0xc6 0x4e 0x5e 0x96 0x5e 0x8a 0x56 0xd6 0xda 0x8b 0x9e 0xe5 0x06 0xa8 0x02 0x51 0xba 0x52 0x9e 0x94 0x5e 0x6e ,4VfQyfLU/BHjFi/93MXGiTdHOAGwecbsn21Y81FVKq4TId2o75XQj4l5X54vppgUQL/ajC7/MlzhOKKWPww+vpVvklTkPsKLbJgKt2ZahyaB//L1mAe09XUoau1hli9h8Kj7fIkQFAGuOq2kEyw+5SYu7zGRNvejBKK5CNxQcxD3czblPHgAL4i4b+crGAcN4jSgjRTZlNeRM1WlyA6JE1EZ4xhlWPXJGPUVLqW0v68=
apps-tutorials-Printf.ihex,0x34 0x6f 0x1c 0xd2 0x64 0xab 0xd4 0x77 0x54 0xd9 0x48 0x77 0x60 0xbd 0x74 0xba 0x68 0x9a 0xb4 0xd4 0x3c 0x7e 0xdc 0x7b 0xf0 0xab 0x00 0xdf 0x70 0xf3 0x2c 0xbd ,chv9avpVAFNs4kl/LM8PKO5H3LTM/xUzGpK4aD88O2vTQl7pGLm833uArxnInAqeS9d9cOOdRAMtNX73OV0F7S1QECtO0lupj5DI0sxpVIl2q6utx9NVMdpPvXaXQVInDHxaHpbXNtgindVoKwR5acLTM1MOJDLONxf72bJPFKPwWa7DdqokVIdE9EVNnj7OhzwJAOKISsSmSj7mxpKTwI5pHoA+76Hpx77fDyO8Mb0=
apps-tutorials-BlinkConfig.ihex,0xd6 0xb2 0xfa 0xc1 0xb6 0xaf 0x52 0x9b 0xba 0x9a 0x3a 0x7c 0xfe 0xa9 0x3a 0xd7 0x5a 0x94 0xca 0x7a 0x22 0xd4 0xe2 0xb0 0x92 0xec 0x1a 0xf7 0x56 0xa5 0xce 0xae ,bJOKSOee49XeTdKFNATUjh+QX2k0HNSA1qVMXKyKfMAP7n1/5f2iNurwOIlU9kuRJtO872T8vm9JTCej81SdHJV4jp2AxycMZOo1CxKyhOf/REny6q6+zqz+zVhU/ZzeR8/SEbP9LrOBeWK3zcViLrUNNQrJ7pVA8fM28SNQXLop+YRXVVW546u8z9cboNgssw5LWQUxwiqdTgy4PppFAWlETBgD1zwFOOROb1nInHI=
apps-tutorials-SharedResourceDemo.ihex,0xae 0x4e 0x56 0xeb 0x76 0xe8 0xe6 0xe2 0x06 0x69 0x5e 0x89 0xaa 0x4f 0xbe 0x51 0xfa 0xc4 0xba 0xd2 0xce 0x7d 0x8e 0xfc 0x0e 0x82 0x96 0x7c 0xaa 0xd0 0x0a 0x8b ,2B1dC7NmvsqSXgAiRdF3wwsbmvGwUnPZw9fqhM0b0fIYB0xAL8YnRyNIa2hVYv2L6/YlLxFQbT2lrdFWCtaNvm2d3faJXFjHSaVRWwRfh8FkNtLmCEdrKMad9PXqcFbg9RAol0h9ilZtedVMQ4WSwdA3/JMtY2EcXxYlCseFHCp/chu0NFnrv4lYDF9ng5hwUNWJ9XJPF6xrzYimlBQ6ALwaO/k0S8kLK3IWwPS/oFI=
tutorials-RssiDemo-java.ihex,error,
tutorials-RssiDemo-SendingMote.ihex,0x6c 0xc8 0x90 0x94 0x64 0x76 0xe8 0x88 0xcc 0xf7 0x2c 0x9e 0x60 0x70 0x18 0xb9 0x3c 0xd9 0xc8 0xdd 0x84 0xaa 0xb4 0xb4 0xec 0x7b 0xd8 0x9a 0xe4 0x71 0x64 0xe0 ,7YX/kJgRaRu4spC9AYgAajss2e+7ta0ScPsot0i9IxhlGDw1L3kV/huWOZNCNJ3UXFzMn4o7oyaWFR7JyAd3eyucD25jq+yJPJr4DAFxu34LUOTuKvi+ZruoMai+zU4lwj6NdIommxS/5YT1ga1f+wRAUsj+2b3HF9w8D5Cb2UP8S8lEh8Ar8I7m19xGcX4CoF7jBhaqE9uUDixlhYWO4Tv1mKxi7GcipjkAfZBlIRs=
tutorials-RssiDemo-RssiBase.ihex,0x6e 0x92 0xce 0xef 0xde 0xfe 0x32 0xf9 0x9e 0xd2 0xb2 0xf6 0x22 0xd9 0x0a 0xbc 0x52 0xc9 0xea 0xee 0x46 0xa5 0x2e 0x9f 0xe2 0xae 0xaa 0x98 0xbe 0x7e 0x8a 0xf9 ,TIwowtuSLlCg9zl8bFhNsN8lYXAvkM6nhV72+txYHC3xtIjg74bgp4fI8zaRQTwbGXQSsewIOaMWc9P6Z7LU+fwx+Ijg6IOfDZbcmZFr4e/SZarpI0efeMcODrg6cjLF0O3vgl2vZRTbFvlzcJ2fePy2RPodKQW2b8E2Ltf99w+RvJcZfk02zrqdxZVYxVPDsw0wez9pZsdQh6Me54IrsCCAV6lL7hT+BhKiN9pxRmg=
tutorials-RssiDemo-InterceptBase.ihex,0x66 0xd6 0x2e 0xaf 0x66 0xdd 0xa6 0x82 0xaa 0xa8 0xba 0xa5 0x3e 0x8c 0xce 0xa0 0xbe 0xed 0xee 0xc6 0x36 0xc2 0x86 0xb9 0x32 0xf4 0xc2 0xcd 0x16 0x8a 0x36 0x83 ,2iTGkZSw+33G2J0zDsktR+j/9beOsnOcfKeStTxZ5nxFOgiQgraKapIjWqEpTCs8oW8Ia42lpGqw8I0pvA/sYvrgLZGup3hs31tp5SWXKywaBg5rIFBpmi8ZObMLY9lHkjj+oHUfv6co13g1JQ2bjx8EgvzfBx9HIdMeSTI6jm+sZz87ZKAP+2XZgof5ENJCf89ti2NfMlimB4+z09vgMBqAVAOj2XNmQa4Pvzc/l1U=
apps-UDPEcho-util.ihex,error,
tinyos-main-apps-UDPEcho.ihex,0x0e 0xfe 0xce 0xf4 0x92 0xfb 0x7e 0xf1 0x7a 0xf1 0x56 0xef 0x52 0xed 0x1a 0xf5 0x36 0xef 0xc6 0xf1 0x5a 0xf1 0x92 0xf7 0x5a 0xf7 0x3e 0xf2 0xc6 0xef 0x52 0xf9 ,hxVD0Bfmsel1+qKx61D0GCl5upALXU8j44CqdXJB2Rj3nV69syqSsYazMEoTk/JHqZqte7CDyXKPF5nmnlyJLz5vRg5VpcbWodDc6eAbG5Qu4rsQ9Qi15vrnUGS0poLZ4ZzNd6eZ09qQcx5rmjDrT1uBsxET7kiYG1c9RNgY5MHQK6VFKU4SjIujTvGt3oO3O7D23OpmQP0QZNW/y2pGudsLEfMCpluNpli+o131KH8=
