tinyos-main-apps-BaseStation.ihex,0x8d1a-0x80f2,0xc28,0xa3fa-0x8d1a,0x16e0,0xa572-0xa3fa,0x178,0xacc2-0xa572,0x750,0xb9da-0xacc2,0xd18,0xbeae-0xb9da,0x4d4,0xbfa2-0xbeae,0xf4,0xbffa-0xbfa2,0x58,0xc7f6-0xbffa,0x7fc,0xe67a-0xc7f6,0x1e84,0xe98a-0xe67a,0x310,0xf42e-0xe98a,0xaa4,0xf456-0xf42e,0x28,0xf596-0xf456,0x140,0xfa76-0xf596,0x4e0,
nonbeacon-enabled-TestActiveScan-coordinator.ihex,0x83f4-0x7cfc,0x6f8,0x8628-0x83f4,0x234,0xac18-0x8628,0x25f0,0xad2c-0xac18,0x114,0xbe24-0xad2c,0x10f8,0xc674-0xbe24,0x850,0xcee8-0xc674,0x874,0xd0f4-0xcee8,0x20c,0xdba0-0xd0f4,0xaac,0xe484-0xdba0,0x8e4,0xef8c-0xe484,0xb08,0xf260-0xef8c,0x2d4,0xfa3c-0xf260,0x7dc,0xfae4-0xfa3c,0xa8,0xfefc-0xfae4,0x418,
tinyos-main-apps-Blink.ihex,0x6672-0x53fe,0x1274,0x70be-0x6672,0xa4c,0x749e-0x70be,0x3e0,0x7dda-0x749e,0x93c,0x8446-0x7dda,0x66c,0x9a8a-0x8446,0x1644,0xa396-0x9a8a,0x90c,0xb242-0xa396,0xeac,0xb36e-0xb242,0x12c,0xc626-0xb36e,0x12b8,0xd162-0xc626,0xb3c,0xf14a-0xd162,0x1fe8,0xf7ca-0xf14a,0x680,0xfdba-0xf7ca,0x5f0,0xfef6-0xfdba,0x13c,
apps-MOE-MOE-BaseStation.ihex,0x8e12-0x8cfa,0x118,0x92d2-0x8e12,0x4c0,0x972e-0x92d2,0x45c,0x9dc6-0x972e,0x698,0xa77a-0x9dc6,0x9b4,0xa82a-0xa77a,0xb0,0xa8e2-0xa82a,0xb8,0xafb2-0xa8e2,0x6d0,0xb06a-0xafb2,0xb8,0xc02e-0xb06a,0xfc4,0xc18a-0xc02e,0x15c,0xc4a6-0xc18a,0x31c,0xd26a-0xc4a6,0xdc4,0xf272-0xd26a,0x2008,0xf7a2-0xf272,0x530,
apps-MOE-MOE-Attack_replay.ihex,0x83da-0x81e6,0x1f4,0x893e-0x83da,0x564,0x8c0a-0x893e,0x2cc,0x9062-0x8c0a,0x458,0x907a-0x9062,0x18,0x98c2-0x907a,0x848,0x9a7e-0x98c2,0x1bc,0xa1d2-0x9a7e,0x754,0xb2ee-0xa1d2,0x111c,0xb8e2-0xb2ee,0x5f4,0xc8b6-0xb8e2,0xfd4,0xeda6-0xc8b6,0x24f0,0xee52-0xeda6,0xac,0xeeaa-0xee52,0x58,0xf34e-0xeeaa,0x4a4,
apps-MOE-MOE-BroadCast.ihex,0x845a-0x7e36,0x624,0x8af2-0x845a,0x698,0x9e26-0x8af2,0x1334,0x9e5a-0x9e26,0x34,0xa842-0x9e5a,0x9e8,0xaca6-0xa842,0x464,0xb052-0xaca6,0x3ac,0xb9f6-0xb052,0x9a4,0xbaba-0xb9f6,0xc4,0xbf7e-0xbaba,0x4c4,0xd26a-0xbf7e,0x12ec,0xd68e-0xd26a,0x424,0xdcaa-0xd68e,0x61c,0xe4f2-0xdcaa,0x848,0xf12e-0xe4f2,0xc3c,
tinyos-main-apps-MultihopOscilloscope.ihex,0xc40a-0xbf7e,0x48c,0xc4fa-0xc40a,0xf0,0xd126-0xc4fa,0xc2c,0xdbae-0xd126,0xa88,0xe15e-0xdbae,0x5b0,0xe2e6-0xe15e,0x188,0xe79e-0xe2e6,0x4b8,0xea96-0xe79e,0x2f8,0xecf6-0xea96,0x260,0xedf6-0xecf6,0x100,0xf066-0xedf6,0x270,0xf0aa-0xf066,0x44,0xf376-0xf0aa,0x2cc,0xf70a-0xf376,0x394,0xfcd2-0xf70a,0x5c8,
tinyos-main-apps-MultihopOscilloscopeLqi.ihex,0xa41e-0x9fda,0x444,0xa6f6-0xa41e,0x2d8,0xb1d2-0xa6f6,0xadc,0xb9c6-0xb1d2,0x7f4,0xc02a-0xb9c6,0x664,0xc286-0xc02a,0x25c,0xc69e-0xc286,0x418,0xc75e-0xc69e,0xc0,0xc87a-0xc75e,0x11c,0xddb6-0xc87a,0x153c,0xddf2-0xddb6,0x3c,0xeb62-0xddf2,0xd70,0xecfa-0xeb62,0x198,0xfa56-0xecfa,0xd5c,0xfbf2-0xfa56,0x19c,
tinyos-main-apps-Null.ihex,0x59c2-0x5966,0x5c,0x5bae-0x59c2,0x1ec,0x6d9a-0x5bae,0x11ec,0x6f16-0x6d9a,0x17c,0x7b26-0x6f16,0xc10,0x8f1e-0x7b26,0x13f8,0x8fc6-0x8f1e,0xa8,0x9e0a-0x8fc6,0xe44,0x9e7e-0x9e0a,0x74,0xa406-0x9e7e,0x588,0xb3fa-0xa406,0xff4,0xbd06-0xb3fa,0x90c,0xbd22-0xbd06,0x1c,0xf9ca-0xbd22,0x3ca8,0xfefe-0xf9ca,0x534,
tinyos-main-apps-Oscilloscope.ihex,0x8eb0-0x8bd8,0x2d8,0x90cc-0x8eb0,0x21c,0xa24c-0x90cc,0x1180,0xa3a4-0xa24c,0x158,0xa61c-0xa3a4,0x278,0xa784-0xa61c,0x168,0xa964-0xa784,0x1e0,0xae90-0xa964,0x52c,0xafdc-0xae90,0x14c,0xbc48-0xafdc,0xc6c,0xbf38-0xbc48,0x2f0,0xd300-0xbf38,0x13c8,0xe428-0xd300,0x1128,0xf894-0xe428,0x146c,0xf984-0xf894,0xf0,
tinyos-main-apps-Powerup.ihex,0x5924-0x4fe0,0x944,0x5b58-0x5924,0x234,0x5b6c-0x5b58,0x14,0x61dc-0x5b6c,0x670,0x7998-0x61dc,0x17bc,0xa700-0x7998,0x2d68,0xacec-0xa700,0x5ec,0xbb38-0xacec,0xe4c,0xbd64-0xbb38,0x22c,0xcccc-0xbd64,0xf68,0xcda0-0xcccc,0xd4,0xd608-0xcda0,0x868,0xda80-0xd608,0x478,0xeef8-0xda80,0x1478,0xfc00-0xeef8,0xd08,
tinyos-main-apps-PPPSniffer.ihex,0x9b66-0x91fe,0x968,0xa0f6-0x9b66,0x590,0xa1b2-0xa0f6,0xbc,0xb436-0xa1b2,0x1284,0xbaa6-0xb436,0x670,0xc026-0xbaa6,0x580,0xca3a-0xc026,0xa14,0xcd4e-0xca3a,0x314,0xdc32-0xcd4e,0xee4,0xe432-0xdc32,0x800,0xe83e-0xe432,0x40c,0xea06-0xe83e,0x1c8,0xeed2-0xea06,0x4cc,0xf392-0xeed2,0x4c0,0xf8b2-0xf392,0x520,
tinyos-main-apps-Sense.ihex,0x66ec-0x6560,0x18c,0x6870-0x66ec,0x184,0x7210-0x6870,0x9a0,0x8bf8-0x7210,0x19e8,0x9174-0x8bf8,0x57c,0x99b0-0x9174,0x83c,0x9ba0-0x99b0,0x1f0,0xa404-0x9ba0,0x864,0xb294-0xa404,0xe90,0xba54-0xb294,0x7c0,0xbdc8-0xba54,0x374,0xc984-0xbdc8,0xbbc,0xd93c-0xc984,0xfb8,0xf524-0xd93c,0x1be8,0xff74-0xf524,0xa50,
L1-Secure-Coordinator-src.ihex,0x985a-0x951e,0x33c,0xa3c6-0x985a,0xb6c,0xa6e6-0xa3c6,0x320,0xa952-0xa6e6,0x26c,0xaece-0xa952,0x57c,0xaf0e-0xaece,0x40,0xb82e-0xaf0e,0x920,0xbbc6-0xb82e,0x398,0xc9c6-0xbbc6,0xe00,0xca9a-0xc9c6,0xd4,0xd84a-0xca9a,0xdb0,0xf0f2-0xd84a,0x18a8,0xf70e-0xf0f2,0x61c,0xf7e2-0xf70e,0xd4,0xf86e-0xf7e2,0x8c,
L1-Secure-End-Device-src.ihex,0x9f46-0x8f5a,0xfec,0xa466-0x9f46,0x520,0xad5e-0xa466,0x8f8,0xaf52-0xad5e,0x1f4,0xb8aa-0xaf52,0x958,0xbc16-0xb8aa,0x36c,0xc8fa-0xbc16,0xce4,0xd77e-0xc8fa,0xe84,0xd91a-0xd77e,0x19c,0xde0e-0xd91a,0x4f4,0xde6e-0xde0e,0x60,0xe1e2-0xde6e,0x374,0xead2-0xe1e2,0x8f0,0xee12-0xead2,0x340,0xfc0e-0xee12,0xdfc,
IEEE802154-Coordinator-src.ihex,0xaf78-0xa93c,0x63c,0xb0bc-0xaf78,0x144,0xc1f8-0xb0bc,0x113c,0xc2e4-0xc1f8,0xec,0xd360-0xc2e4,0x107c,0xd430-0xd360,0xd0,0xd79c-0xd430,0x36c,0xd888-0xd79c,0xec,0xdc20-0xd888,0x398,0xdda8-0xdc20,0x188,0xdfc4-0xdda8,0x21c,0xe070-0xdfc4,0xac,0xe6d4-0xe070,0x664,0xf0e0-0xe6d4,0xa0c,0xf42c-0xf0e0,0x34c,
IEEE802154-End-Device-src.ihex,0xa026-0x9ca2,0x384,0xa3fe-0xa026,0x3d8,0xb65e-0xa3fe,0x1260,0xb73e-0xb65e,0xe0,0xbf66-0xb73e,0x828,0xc09a-0xbf66,0x134,0xc0ce-0xc09a,0x34,0xc792-0xc0ce,0x6c4,0xcde2-0xc792,0x650,0xd3ba-0xcde2,0x5d8,0xe066-0xd3ba,0xcac,0xe54e-0xe066,0x4e8,0xe8b6-0xe54e,0x368,0xf0ee-0xe8b6,0x838,0xf656-0xf0ee,0x568,
tinyos-main-apps-TCPEcho.ihex,0xd168-0xcd5c,0x40c,0xd2e8-0xd168,0x180,0xd324-0xd2e8,0x3c,0xd4bc-0xd324,0x198,0xd69c-0xd4bc,0x1e0,0xd764-0xd69c,0xc8,0xd84c-0xd764,0xe8,0xdfb0-0xd84c,0x764,0xe130-0xdfb0,0x180,0xe5b0-0xe130,0x480,0xea3c-0xe5b0,0x48c,0xea4c-0xea3c,0x10,0xede0-0xea4c,0x394,0xf508-0xede0,0x728,0xfa10-0xf508,0x508,
tests-TestFtsp-FtspLplBeaconer.ihex,0x8e64-0x8c30,0x234,0x98b4-0x8e64,0xa50,0x9a48-0x98b4,0x194,0xa240-0x9a48,0x7f8,0xa800-0xa240,0x5c0,0xab4c-0xa800,0x34c,0xae5c-0xab4c,0x310,0xaf18-0xae5c,0xbc,0xb0e0-0xaf18,0x1c8,0xb5bc-0xb0e0,0x4dc,0xda5c-0xb5bc,0x24a0,0xdcfc-0xda5c,0x2a0,0xe04c-0xdcfc,0x350,0xee88-0xe04c,0xe3c,0xff84-0xee88,0x10fc,
tests-TestFtsp-FtspLpl.ihex,0x937e-0x8eca,0x4b4,0x9cc6-0x937e,0x948,0xa71e-0x9cc6,0xa58,0xa8e2-0xa71e,0x1c4,0xa9fe-0xa8e2,0x11c,0xbbd2-0xa9fe,0x11d4,0xbd1a-0xbbd2,0x148,0xbe6a-0xbd1a,0x150,0xcce2-0xbe6a,0xe78,0xdc3a-0xcce2,0xf58,0xde4e-0xdc3a,0x214,0xdf96-0xde4e,0x148,0xe8b6-0xdf96,0x920,0xf66e-0xe8b6,0xdb8,0xf766-0xf66e,0xf8,
apps-tests-TestTimerSync.ihex,0x8336-0x6de2,0x1554,0x8b5e-0x8336,0x828,0x913a-0x8b5e,0x5dc,0x92ba-0x913a,0x180,0xa592-0x92ba,0x12d8,0xad8e-0xa592,0x7fc,0xba02-0xad8e,0xc74,0xbc1a-0xba02,0x218,0xc432-0xbc1a,0x818,0xc45a-0xc432,0x28,0xd576-0xc45a,0x111c,0xddfa-0xd576,0x884,0xe5ce-0xddfa,0x7d4,0xe6ea-0xe5ce,0x11c,0xfaaa-0xe6ea,0x13c0,
apps-tests-LinkBench.ihex,0x98d0-0x9540,0x390,0xa384-0x98d0,0xab4,0xa824-0xa384,0x4a0,0xb570-0xa824,0xd4c,0xb70c-0xb570,0x19c,0xbb24-0xb70c,0x418,0xc398-0xbb24,0x874,0xc4c0-0xc398,0x128,0xc528-0xc4c0,0x68,0xd82c-0xc528,0x1304,0xd908-0xd82c,0xdc,0xdbf0-0xd908,0x2e8,0xe280-0xdbf0,0x690,0xeb1c-0xe280,0x89c,0xfaa4-0xeb1c,0xf88,
apps-tests-TestPowerup.ihex,0x5fe0-0x58d8,0x708,0x6390-0x5fe0,0x3b0,0x70a8-0x6390,0xd18,0x7aa8-0x70a8,0xa00,0x8920-0x7aa8,0xe78,0x8964-0x8920,0x44,0x91cc-0x8964,0x868,0x9930-0x91cc,0x764,0xb718-0x9930,0x1de8,0xcaf8-0xb718,0x13e0,0xce18-0xcaf8,0x320,0xd178-0xce18,0x360,0xdaa0-0xd178,0x928,0xf064-0xdaa0,0x15c4,0xf980-0xf064,0x91c,
apps-tests-TestEui.ihex,0x898e-0x8196,0x7f8,0x8ca6-0x898e,0x318,0xa4d2-0x8ca6,0x182c,0xc162-0xa4d2,0x1c90,0xc252-0xc162,0xf0,0xc33a-0xc252,0xe8,0xc866-0xc33a,0x52c,0xce46-0xc866,0x5e0,0xdb92-0xce46,0xd4c,0xdd5e-0xdb92,0x1cc,0xe10a-0xdd5e,0x3ac,0xe482-0xe10a,0x378,0xe772-0xe482,0x2f0,0xfc56-0xe772,0x14e4,0xfcda-0xfc56,0x84,
apps-tests-TestScheduler.ihex,0x635a-0x62c6,0x94,0x69f6-0x635a,0x69c,0x76d6-0x69f6,0xce0,0x7b82-0x76d6,0x4ac,0x93da-0x7b82,0x1858,0x942e-0x93da,0x54,0xb212-0x942e,0x1de4,0xb57a-0xb212,0x368,0xc8f6-0xb57a,0x137c,0xcd06-0xc8f6,0x410,0xcd36-0xcd06,0x30,0xce8a-0xcd36,0x154,0xdc2a-0xce8a,0xda0,0xdfba-0xdc2a,0x390,0xed86-0xdfba,0xdcc,
apps-tests-TestLocalTime.ihex,0x63ba-0x57ae,0xc0c,0x682e-0x63ba,0x474,0x705a-0x682e,0x82c,0x77e6-0x705a,0x78c,0x866a-0x77e6,0xe84,0x96f2-0x866a,0x1088,0x9932-0x96f2,0x240,0xaeb6-0x9932,0x1584,0xbfa6-0xaeb6,0x10f0,0xcb7a-0xbfa6,0xbd4,0xd44a-0xcb7a,0x8d0,0xe8fa-0xd44a,0x14b0,0xf106-0xe8fa,0x80c,0xfcfa-0xf106,0xbf4,0xfe46-0xfcfa,0x14c,
apps-tests-TestSrp.ihex,0x9ef4-0x9a7c,0x478,0xa5b4-0x9ef4,0x6c0,0xa600-0xa5b4,0x4c,0xaafc-0xa600,0x4fc,0xb7d8-0xaafc,0xcdc,0xc29c-0xb7d8,0xac4,0xc3b0-0xc29c,0x114,0xcae4-0xc3b0,0x734,0xcba4-0xcae4,0xc0,0xcc6c-0xcba4,0xc8,0xde4c-0xcc6c,0x11e0,0xe0d0-0xde4c,0x284,0xe374-0xe0d0,0x2a4,0xe85c-0xe374,0x4e8,0xf210-0xe85c,0x9b4,
cc2420-TestSecurity-RadioCountToLeds1.ihex,0x8706-0x851e,0x1e8,0x89b2-0x8706,0x2ac,0x94c6-0x89b2,0xb14,0x95ba-0x94c6,0xf4,0x9fea-0x95ba,0xa30,0xa686-0x9fea,0x69c,0xa992-0xa686,0x30c,0xb032-0xa992,0x6a0,0xbe8e-0xb032,0xe5c,0xcdce-0xbe8e,0xf40,0xde7a-0xcdce,0x10ac,0xe6fa-0xde7a,0x880,0xeeea-0xe6fa,0x7f0,0xf8aa-0xeeea,0x9c0,0xfaf6-0xf8aa,0x24c,
cc2420-TestSecurity-BaseStation.ihex,0x8a36-0x8486,0x5b0,0x8ae2-0x8a36,0xac,0x8c8a-0x8ae2,0x1a8,0x9a26-0x8c8a,0xd9c,0x9ed6-0x9a26,0x4b0,0xa926-0x9ed6,0xa50,0xae46-0xa926,0x520,0xc4b2-0xae46,0x166c,0xcfa2-0xc4b2,0xaf0,0xcffe-0xcfa2,0x5c,0xe0b6-0xcffe,0x10b8,0xf30a-0xe0b6,0x1254,0xf85e-0xf30a,0x554,0xfb8e-0xf85e,0x330,0xff2e-0xfb8e,0x3a0,
tests-cc2420-LplUnicastPeriodicDelivery.ihex,0x80a4-0x793c,0x768,0x8364-0x80a4,0x2c0,0x8514-0x8364,0x1b0,0x8808-0x8514,0x2f4,0x881c-0x8808,0x14,0x8880-0x881c,0x64,0x9478-0x8880,0xbf8,0xa29c-0x9478,0xe24,0xa554-0xa29c,0x2b8,0xb034-0xa554,0xae0,0xb428-0xb034,0x3f4,0xbb7c-0xb428,0x754,0xbc68-0xbb7c,0xec,0xbd98-0xbc68,0x130,0xf110-0xbd98,0x3378,
tests-cc2420-TestAcks.ihex,0x8a2a-0x7622,0x1408,0x9002-0x8a2a,0x5d8,0xaa2e-0x9002,0x1a2c,0xb252-0xaa2e,0x824,0xb666-0xb252,0x414,0xbfda-0xb666,0x974,0xcc56-0xbfda,0xc7c,0xce5e-0xcc56,0x208,0xd04a-0xce5e,0x1ec,0xde4a-0xd04a,0xe00,0xdf2e-0xde4a,0xe4,0xe49e-0xdf2e,0x570,0xe6fe-0xe49e,0x260,0xe906-0xe6fe,0x208,0xf0ea-0xe906,0x7e4,
tests-cc2420-LplBroadcastPeriodicDelivery.ihex,0x8394-0x82e4,0xb0,0x9914-0x8394,0x1580,0xa2b0-0x9914,0x99c,0xa3c8-0xa2b0,0x118,0xa648-0xa3c8,0x280,0xb060-0xa648,0xa18,0xb2c4-0xb060,0x264,0xb7d0-0xb2c4,0x50c,0xc484-0xb7d0,0xcb4,0xd81c-0xc484,0x1398,0xda00-0xd81c,0x1e4,0xe0ac-0xda00,0x6ac,0xee38-0xe0ac,0xd8c,0xf8e4-0xee38,0xaac,0xfc6c-0xf8e4,0x388,
tests-tkn154-packetsniffer.ihex,0x93de-0x8f2a,0x4b4,0xa10e-0x93de,0xd30,0xa46e-0xa10e,0x360,0xa732-0xa46e,0x2c4,0xb176-0xa732,0xa44,0xb1d2-0xb176,0x5c,0xb6ee-0xb1d2,0x51c,0xca6e-0xb6ee,0x1380,0xcdb6-0xca6e,0x348,0xd12e-0xcdb6,0x378,0xe07a-0xd12e,0xf4c,0xeb26-0xe07a,0xaac,0xee7e-0xeb26,0x358,0xf05e-0xee7e,0x1e0,0xfa66-0xf05e,0xa08,
beacon-enabled-TestIndirect-coordinator.ihex,0xb30c-0xa0f8,0x1214,0xb9a0-0xb30c,0x694,0xbbc4-0xb9a0,0x224,0xbc6c-0xbbc4,0xa8,0xc050-0xbc6c,0x3e4,0xc458-0xc050,0x408,0xccec-0xc458,0x894,0xd050-0xccec,0x364,0xdc6c-0xd050,0xc1c,0xdcc0-0xdc6c,0x54,0xeb54-0xdcc0,0xe94,0xed48-0xeb54,0x1f4,0xee5c-0xed48,0x114,0xf644-0xee5c,0x7e8,0xfea8-0xf644,0x864,
beacon-enabled-TestIndirect-device.ihex,0x9e6e-0x9b4e,0x320,0x9fb2-0x9e6e,0x144,0xa2ea-0x9fb2,0x338,0xa3aa-0xa2ea,0xc0,0xa496-0xa3aa,0xec,0xa55a-0xa496,0xc4,0xaa5e-0xa55a,0x504,0xae42-0xaa5e,0x3e4,0xb176-0xae42,0x334,0xc1ce-0xb176,0x1058,0xc262-0xc1ce,0x94,0xd692-0xc262,0x1430,0xe61a-0xd692,0xf88,0xe87e-0xe61a,0x264,0xedd2-0xe87e,0x554,
beacon-enabled-TestData-coordinator.ihex,0xa87c-0xa178,0x704,0xaeb0-0xa87c,0x634,0xba58-0xaeb0,0xba8,0xbd60-0xba58,0x308,0xc5a0-0xbd60,0x840,0xc770-0xc5a0,0x1d0,0xd96c-0xc770,0x11fc,0xe0e8-0xd96c,0x77c,0xe914-0xe0e8,0x82c,0xe9a8-0xe914,0x94,0xeab8-0xe9a8,0x110,0xeb10-0xeab8,0x58,0xf3a4-0xeb10,0x894,0xf5a8-0xf3a4,0x204,0xfdc4-0xf5a8,0x81c,
beacon-enabled-TestData-device.ihex,0xb41e-0xa92e,0xaf0,0xbe16-0xb41e,0x9f8,0xcb1e-0xbe16,0xd08,0xd14a-0xcb1e,0x62c,0xd34a-0xd14a,0x200,0xd7d2-0xd34a,0x488,0xda96-0xd7d2,0x2c4,0xe046-0xda96,0x5b0,0xe5d2-0xe046,0x58c,0xef62-0xe5d2,0x990,0xefb2-0xef62,0x50,0xf0e2-0xefb2,0x130,0xf33a-0xf0e2,0x258,0xf822-0xf33a,0x4e8,0xf90a-0xf822,0xe8,
beacon-enabled-TestMultihop-router.ihex,0xc2b6-0xbeaa,0x40c,0xc5fa-0xc2b6,0x344,0xc696-0xc5fa,0x9c,0xce32-0xc696,0x79c,0xd282-0xce32,0x450,0xdde6-0xd282,0xb64,0xe2d2-0xdde6,0x4ec,0xe626-0xe2d2,0x354,0xe63a-0xe626,0x14,0xe932-0xe63a,0x2f8,0xec46-0xe932,0x314,0xec7a-0xec46,0x34,0xedce-0xec7a,0x154,0xf316-0xedce,0x548,0xfade-0xf316,0x7c8,
beacon-enabled-TestMultihop-device.ihex,0xa6c4-0xa3cc,0x2f8,0xa97c-0xa6c4,0x2b8,0xb628-0xa97c,0xcac,0xb9e0-0xb628,0x3b8,0xbbb0-0xb9e0,0x1d0,0xbfbc-0xbbb0,0x40c,0xc6f4-0xbfbc,0x738,0xd320-0xc6f4,0xc2c,0xd9d8-0xd320,0x6b8,0xe248-0xd9d8,0x870,0xeda8-0xe248,0xb60,0xf468-0xeda8,0x6c0,0xf518-0xf468,0xb0,0xf584-0xf518,0x6c,0xf8e4-0xf584,0x360,
beacon-enabled-TestMultihop-pancoord.ihex,0xb168-0xaf8c,0x1dc,0xb4b4-0xb168,0x34c,0xb89c-0xb4b4,0x3e8,0xbf00-0xb89c,0x664,0xc26c-0xbf00,0x36c,0xc628-0xc26c,0x3bc,0xcde4-0xc628,0x7bc,0xd3b4-0xcde4,0x5d0,0xd4a8-0xd3b4,0xf4,0xd564-0xd4a8,0xbc,0xd750-0xd564,0x1ec,0xddb0-0xd750,0x660,0xdee8-0xddb0,0x138,0xef50-0xdee8,0x1068,0xf4c4-0xef50,0x574,
beacon-enabled-TestAssociate-coordinator.ihex,0xb0f4-0xa5a0,0xb54,0xbbd0-0xb0f4,0xadc,0xbd4c-0xbbd0,0x17c,0xc4ac-0xbd4c,0x760,0xca60-0xc4ac,0x5b4,0xcc1c-0xca60,0x1bc,0xce38-0xcc1c,0x21c,0xd8ec-0xce38,0xab4,0xda00-0xd8ec,0x114,0xde10-0xda00,0x410,0xeab4-0xde10,0xca4,0xeae4-0xeab4,0x30,0xeba8-0xeae4,0xc4,0xf8f4-0xeba8,0xd4c,0xff1c-0xf8f4,0x628,
beacon-enabled-TestAssociate-device.ihex,0xa666-0xa33e,0x328,0xacaa-0xa666,0x644,0xad56-0xacaa,0xac,0xb526-0xad56,0x7d0,0xc3de-0xb526,0xeb8,0xcad2-0xc3de,0x6f4,0xd62a-0xcad2,0xb58,0xd782-0xd62a,0x158,0xe1ea-0xd782,0xa68,0xe5de-0xe1ea,0x3f4,0xf54a-0xe5de,0xf6c,0xf7f2-0xf54a,0x2a8,0xf9f2-0xf7f2,0x200,0xfb6a-0xf9f2,0x178,0xfd96-0xfb6a,0x22c,
beacon-enabled-TestGTS-coordinator.ihex,0xdc14-0xc994,0x1280,0xdca0-0xdc14,0x8c,0xe148-0xdca0,0x4a8,0xe298-0xe148,0x150,0xe454-0xe298,0x1bc,0xe4e4-0xe454,0x90,0xe558-0xe4e4,0x74,0xe694-0xe558,0x13c,0xe74c-0xe694,0xb8,0xed50-0xe74c,0x604,0xee3c-0xed50,0xec,0xf334-0xee3c,0x4f8,0xfb98-0xf334,0x864,0xfe48-0xfb98,0x2b0,0xffcc-0xfe48,0x184,
beacon-enabled-TestGTS-device.ihex,0xab6e-0xa466,0x708,0xae26-0xab6e,0x2b8,0xaf76-0xae26,0x150,0xb496-0xaf76,0x520,0xbbc2-0xb496,0x72c,0xc326-0xbbc2,0x764,0xcd32-0xc326,0xa0c,0xd17e-0xcd32,0x44c,0xd976-0xd17e,0x7f8,0xd9c6-0xd976,0x50,0xe0fe-0xd9c6,0x738,0xecfa-0xe0fe,0xbfc,0xf352-0xecfa,0x658,0xf6ea-0xf352,0x398,0xff6e-0xf6ea,0x884,
beacon-enabled-TestStartSync-coordinator.ihex,0xa838-0x9c8c,0xbac,0xac90-0xa838,0x458,0xad8c-0xac90,0xfc,0xae00-0xad8c,0x74,0xb3ac-0xae00,0x5ac,0xc114-0xb3ac,0xd68,0xc324-0xc114,0x210,0xc730-0xc324,0x40c,0xca28-0xc730,0x2f8,0xd068-0xca28,0x640,0xd5a0-0xd068,0x538,0xe0bc-0xd5a0,0xb1c,0xf150-0xe0bc,0x1094,0xf4ac-0xf150,0x35c,0xff7c-0xf4ac,0xad0,
beacon-enabled-TestStartSync-device.ihex,0x96bc-0x91b0,0x50c,0xa6bc-0x96bc,0x1000,0xabc8-0xa6bc,0x50c,0xac68-0xabc8,0xa0,0xac98-0xac68,0x30,0xad80-0xac98,0xe8,0xb8b0-0xad80,0xb30,0xb8c0-0xb8b0,0x10,0xbdd4-0xb8c0,0x514,0xd71c-0xbdd4,0x1948,0xdc40-0xd71c,0x524,0xe7b8-0xdc40,0xb78,0xf650-0xe7b8,0xe98,0xfa38-0xf650,0x3e8,0xfb9c-0xfa38,0x164,
nonbeacon-enabled-TestActiveScan-coordinator.ihex,0xbc62-0xadca,0xe98,0xbd56-0xbc62,0xf4,0xc132-0xbd56,0x3dc,0xc19a-0xc132,0x68,0xc38a-0xc19a,0x1f0,0xc9f6-0xc38a,0x66c,0xcc9a-0xc9f6,0x2a4,0xe3ba-0xcc9a,0x1720,0xe85e-0xe3ba,0x4a4,0xeabe-0xe85e,0x260,0xeb5e-0xeabe,0xa0,0xf302-0xeb5e,0x7a4,0xf5c2-0xf302,0x2c0,0xf736-0xf5c2,0x174,0xf93a-0xf736,0x204,
nonbeacon-enabled-TestActiveScan-device.ihex,0x9b66-0x93ba,0x7ac,0xa3e6-0x9b66,0x880,0xa8be-0xa3e6,0x4d8,0xadc6-0xa8be,0x508,0xadfa-0xadc6,0x34,0xb28a-0xadfa,0x490,0xcbb6-0xb28a,0x192c,0xd226-0xcbb6,0x670,0xd386-0xd226,0x160,0xe7fa-0xd386,0x1474,0xf4d6-0xe7fa,0xcdc,0xfa8a-0xf4d6,0x5b4,0xfc86-0xfa8a,0x1fc,0xfcfe-0xfc86,0x78,0xff32-0xfcfe,0x234,
nonbeacon-enabled-TestAssociate-coordinator.ihex,0x9d78-0x93dc,0x99c,0x9df0-0x9d78,0x78,0xa4a8-0x9df0,0x6b8,0xa604-0xa4a8,0x15c,0xa8d0-0xa604,0x2cc,0xaab8-0xa8d0,0x1e8,0xaf18-0xaab8,0x460,0xbd9c-0xaf18,0xe84,0xc410-0xbd9c,0x674,0xc8d4-0xc410,0x4c4,0xdd4c-0xc8d4,0x1478,0xe01c-0xdd4c,0x2d0,0xe04c-0xe01c,0x30,0xe470-0xe04c,0x424,0xfb68-0xe470,0x16f8,
nonbeacon-enabled-TestAssociate-device.ihex,0xa3ea-0x9b5a,0x890,0xa762-0xa3ea,0x378,0xc1c2-0xa762,0x1a60,0xc4da-0xc1c2,0x318,0xc52a-0xc4da,0x50,0xda2e-0xc52a,0x1504,0xded2-0xda2e,0x4a4,0xe522-0xded2,0x650,0xe736-0xe522,0x214,0xe8a2-0xe736,0x16c,0xeaf2-0xe8a2,0x250,0xee62-0xeaf2,0x370,0xf382-0xee62,0x520,0xfc86-0xf382,0x904,0xfeee-0xfc86,0x268,
nonbeacon-enabled-TestIndirectData-coordinator.ihex,0x92e6-0x907a,0x26c,0x940a-0x92e6,0x124,0x95fa-0x940a,0x1f0,0xa0ce-0x95fa,0xad4,0xb916-0xa0ce,0x1848,0xc07a-0xb916,0x764,0xc56e-0xc07a,0x4f4,0xccf6-0xc56e,0x788,0xd2d2-0xccf6,0x5dc,0xd302-0xd2d2,0x30,0xd8e6-0xd302,0x5e4,0xdebe-0xd8e6,0x5d8,0xe202-0xdebe,0x344,0xe402-0xe202,0x200,0xee36-0xe402,0xa34,
nonbeacon-enabled-TestIndirectData-device.ihex,0x9578-0x8e28,0x750,0x9bc8-0x9578,0x650,0xa374-0x9bc8,0x7ac,0xaba8-0xa374,0x834,0xb5f4-0xaba8,0xa4c,0xb8ac-0xb5f4,0x2b8,0xbdc8-0xb8ac,0x51c,0xc108-0xbdc8,0x340,0xc474-0xc108,0x36c,0xca0c-0xc474,0x598,0xcad8-0xca0c,0xcc,0xd1d4-0xcad8,0x6fc,0xd2cc-0xd1d4,0xf8,0xe8b0-0xd2cc,0x15e4,0xfe38-0xe8b0,0x1588,
tkn154-nonbeacon-enabled-TestPromiscuous.ihex,0xa308-0x9d04,0x604,0xa3e8-0xa308,0xe0,0xa770-0xa3e8,0x388,0xb0fc-0xa770,0x98c,0xbc80-0xb0fc,0xb84,0xbfa0-0xbc80,0x320,0xc18c-0xbfa0,0x1ec,0xc248-0xc18c,0xbc,0xd820-0xc248,0x15d8,0xdc18-0xd820,0x3f8,0xe030-0xdc18,0x418,0xe274-0xe030,0x244,0xf344-0xe274,0x10d0,0xf73c-0xf344,0x3f8,0xfc9c-0xf73c,0x560,
apps-tests-TestNetwork.ihex,0xb6b2-0xae8a,0x828,0xb846-0xb6b2,0x194,0xbff6-0xb846,0x7b0,0xc7fa-0xbff6,0x804,0xd2da-0xc7fa,0xae0,0xd94a-0xd2da,0x670,0xd9ae-0xd94a,0x64,0xde7a-0xd9ae,0x4cc,0xe6a2-0xde7a,0x828,0xead6-0xe6a2,0x434,0xec86-0xead6,0x1b0,0xefca-0xec86,0x344,0xf2d2-0xefca,0x308,0xf426-0xf2d2,0x154,0xfb8a-0xf426,0x764,
apps-tests-TestPowerManager.ihex,0x6f76-0x6e6e,0x108,0x7156-0x6f76,0x1e0,0x884e-0x7156,0x16f8,0x97f6-0x884e,0xfa8,0xa346-0x97f6,0xb50,0xac3e-0xa346,0x8f8,0xb4c2-0xac3e,0x884,0xc736-0xb4c2,0x1274,0xc87e-0xc736,0x148,0xcaee-0xc87e,0x270,0xe36e-0xcaee,0x1880,0xe506-0xe36e,0x198,0xee5a-0xe506,0x954,0xfc9e-0xee5a,0xe44,0xfeca-0xfc9e,0x22c,
tests-storage-CircularLog.ihex,0x82ac-0x7970,0x93c,0x87c0-0x82ac,0x514,0x9abc-0x87c0,0x12fc,0xb50c-0x9abc,0x1a50,0xc4ac-0xb50c,0xfa0,0xc4e8-0xc4ac,0x3c,0xd43c-0xc4e8,0xf54,0xdd20-0xd43c,0x8e4,0xe4c0-0xdd20,0x7a0,0xef8c-0xe4c0,0xacc,0xf3f8-0xef8c,0x46c,0xf408-0xf3f8,0x10,0xf514-0xf408,0x10c,0xf8b0-0xf514,0x39c,0xfbe0-0xf8b0,0x330,
tests-storage-Log.ihex,0x77f0-0x7500,0x2f0,0x828c-0x77f0,0xa9c,0x8c50-0x828c,0x9c4,0x8dac-0x8c50,0x15c,0x8ddc-0x8dac,0x30,0x9944-0x8ddc,0xb68,0x9c08-0x9944,0x2c4,0x9efc-0x9c08,0x2f4,0xa998-0x9efc,0xa9c,0xace4-0xa998,0x34c,0xc328-0xace4,0x1644,0xc744-0xc328,0x41c,0xc7bc-0xc744,0x78,0xd76c-0xc7bc,0xfb0,0xf534-0xd76c,0x1dc8,
tests-storage-Config.ihex,0x7868-0x7254,0x614,0x7e04-0x7868,0x59c,0x7f30-0x7e04,0x12c,0x9e28-0x7f30,0x1ef8,0xa428-0x9e28,0x600,0xa694-0xa428,0x26c,0xbb60-0xa694,0x14cc,0xcfe4-0xbb60,0x1484,0xd218-0xcfe4,0x234,0xd224-0xd218,0xc,0xe2a8-0xd224,0x1084,0xe678-0xe2a8,0x3d0,0xe6a8-0xe678,0x30,0xf508-0xe6a8,0xe60,0xf820-0xf508,0x318,
tests-storage-Block.ihex,0x85cc-0x7954,0xc78,0x89c8-0x85cc,0x3fc,0x8aac-0x89c8,0xe4,0x8bb4-0x8aac,0x108,0x9ef8-0x8bb4,0x1344,0x9fac-0x9ef8,0xb4,0xa520-0x9fac,0x574,0xafd0-0xa520,0xab0,0xbc2c-0xafd0,0xc5c,0xd474-0xbc2c,0x1848,0xef88-0xd474,0x1b14,0xf1b4-0xef88,0x22c,0xf498-0xf1b4,0x2e4,0xf8d0-0xf498,0x438,0xfdcc-0xf8d0,0x4fc,
tests-storage-SyncLog.ihex,0x8dca-0x7e26,0xfa4,0x919a-0x8dca,0x3d0,0x96de-0x919a,0x544,0x9da2-0x96de,0x6c4,0xa656-0x9da2,0x8b4,0xa73a-0xa656,0xe4,0xac5e-0xa73a,0x524,0xb09a-0xac5e,0x43c,0xb636-0xb09a,0x59c,0xb96a-0xb636,0x334,0xba66-0xb96a,0xfc,0xbf8e-0xba66,0x528,0xc2be-0xbf8e,0x330,0xd196-0xc2be,0xed8,0xfde6-0xd196,0x2c50,
tests-telosb-TestUserButton.ihex,0x6ee4-0x5bb4,0x1330,0x7570-0x6ee4,0x68c,0x7cbc-0x7570,0x74c,0x8234-0x7cbc,0x578,0x93f8-0x8234,0x11c4,0xa6a0-0x93f8,0x12a8,0xb628-0xa6a0,0xf88,0xb8e4-0xb628,0x2bc,0xbeb4-0xb8e4,0x5d0,0xd0dc-0xbeb4,0x1228,0xd900-0xd0dc,0x824,0xdfe0-0xd900,0x6e0,0xeeec-0xdfe0,0xf0c,0xefb8-0xeeec,0xcc,0xf638-0xefb8,0x680,
tests-TestLed-MultiLedSingle.ihex,0x63a6-0x5cb2,0x6f4,0x7262-0x63a6,0xebc,0x76ae-0x7262,0x44c,0xad62-0x76ae,0x36b4,0xb3fe-0xad62,0x69c,0xc086-0xb3fe,0xc88,0xc682-0xc086,0x5fc,0xceae-0xc682,0x82c,0xd0f6-0xceae,0x248,0xe40a-0xd0f6,0x1314,0xeaae-0xe40a,0x6a4,0xedea-0xeaae,0x33c,0xeffe-0xedea,0x214,0xf0b6-0xeffe,0xb8,0xf42e-0xf0b6,0x378,
tests-TestLed-LedColor.ihex,0x8394-0x82c0,0xd4,0x9e90-0x8394,0x1afc,0xa020-0x9e90,0x190,0xa3bc-0xa020,0x39c,0xa5c8-0xa3bc,0x20c,0xa824-0xa5c8,0x25c,0xacd4-0xa824,0x4b0,0xb314-0xacd4,0x640,0xb58c-0xb314,0x278,0xb7b8-0xb58c,0x22c,0xbb58-0xb7b8,0x3a0,0xc4e0-0xbb58,0x988,0xc708-0xc4e0,0x228,0xc900-0xc708,0x1f8,0xf5f4-0xc900,0x2cf4,
tests-TestLed-MultiLed.ihex,0x7fce-0x638a,0x1c44,0x836a-0x7fce,0x39c,0x8586-0x836a,0x21c,0x8c66-0x8586,0x6e0,0x8e22-0x8c66,0x1bc,0x96e2-0x8e22,0x8c0,0x9e22-0x96e2,0x740,0xa846-0x9e22,0xa24,0xc1e6-0xa846,0x19a0,0xc9ce-0xc1e6,0x7e8,0xcb22-0xc9ce,0x154,0xd402-0xcb22,0x8e0,0xdcba-0xd402,0x8b8,0xe90a-0xdcba,0xc50,0xeb16-0xe90a,0x20c,
tests-TestLed-BlinkLed.ihex,0x56d6-0x54e6,0x1f0,0x6a66-0x56d6,0x1390,0x7492-0x6a66,0xa2c,0x753a-0x7492,0xa8,0x8096-0x753a,0xb5c,0x8182-0x8096,0xec,0x8bae-0x8182,0xa2c,0x968e-0x8bae,0xae0,0x9d2a-0x968e,0x69c,0xa9be-0x9d2a,0xc94,0xc52e-0xa9be,0x1b70,0xcfe6-0xc52e,0xab8,0xd1aa-0xcfe6,0x1c4,0xe736-0xd1aa,0x158c,0xf9fe-0xe736,0x12c8,
apps-tests-RadioStress.ihex,0x7bda-0x6d9e,0xe3c,0x80fe-0x7bda,0x524,0x83e2-0x80fe,0x2e4,0xab82-0x83e2,0x27a0,0xad06-0xab82,0x184,0xaf22-0xad06,0x21c,0xb2c2-0xaf22,0x3a0,0xb47a-0xb2c2,0x1b8,0xc132-0xb47a,0xcb8,0xc88a-0xc132,0x758,0xcaea-0xc88a,0x260,0xcb12-0xcaea,0x28,0xdc3a-0xcb12,0x1128,0xeb0e-0xdc3a,0xed4,0xf20e-0xeb0e,0x700,
apps-tests-TestNetworkLpl.ihex,0xb1ec-0xaf48,0x2a4,0xb288-0xb1ec,0x9c,0xc318-0xb288,0x1090,0xcb94-0xc318,0x87c,0xd578-0xcb94,0x9e4,0xdc90-0xd578,0x718,0xde14-0xdc90,0x184,0xe318-0xde14,0x504,0xe4ec-0xe318,0x1d4,0xe8f4-0xe4ec,0x408,0xef5c-0xe8f4,0x668,0xf284-0xef5c,0x328,0xf504-0xf284,0x280,0xfbf8-0xf504,0x6f4,0xff74-0xfbf8,0x37c,
tests-deluge-Blink.ihex,0xacc6-0xa252,0xa74,0xaeb2-0xacc6,0x1ec,0xaf4a-0xaeb2,0x98,0xb192-0xaf4a,0x248,0xbf22-0xb192,0xd90,0xc53e-0xbf22,0x61c,0xca96-0xc53e,0x558,0xcd32-0xca96,0x29c,0xdc1e-0xcd32,0xeec,0xe1fe-0xdc1e,0x5e0,0xe46e-0xe1fe,0x270,0xe492-0xe46e,0x24,0xe5ca-0xe492,0x138,0xf2c6-0xe5ca,0xcfc,0xfc26-0xf2c6,0x960,
tests-deluge-Basestation.ihex,0xba00-0xb4f8,0x508,0xbda8-0xba00,0x3a8,0xbfc8-0xbda8,0x220,0xce60-0xbfc8,0xe98,0xd294-0xce60,0x434,0xd720-0xd294,0x48c,0xde08-0xd720,0x6e8,0xe764-0xde08,0x95c,0xec90-0xe764,0x52c,0xef38-0xec90,0x2a8,0xf048-0xef38,0x110,0xf504-0xf048,0x4bc,0xfa1c-0xf504,0x518,0xfb40-0xfa1c,0x124,0xfcd4-0xfb40,0x194,
tests-deluge-GoldenImage.ihex,0xba0c-0xb95c,0xb0,0xbcac-0xba0c,0x2a0,0xbd24-0xbcac,0x78,0xc028-0xbd24,0x304,0xc1c8-0xc028,0x1a0,0xcb28-0xc1c8,0x960,0xcd0c-0xcb28,0x1e4,0xd20c-0xcd0c,0x500,0xd218-0xd20c,0xc,0xd8f8-0xd218,0x6e0,0xd9ec-0xd8f8,0xf4,0xdc0c-0xd9ec,0x220,0xe52c-0xdc0c,0x920,0xe550-0xe52c,0x24,0xea68-0xe550,0x518,
tests-deluge-SerialBlink.ihex,0xb3c2-0xb152,0x270,0xb526-0xb3c2,0x164,0xbe9a-0xb526,0x974,0xcb02-0xbe9a,0xc68,0xddca-0xcb02,0x12c8,0xdf16-0xddca,0x14c,0xea62-0xdf16,0xb4c,0xf116-0xea62,0x6b4,0xf152-0xf116,0x3c,0xf19e-0xf152,0x4c,0xf1ae-0xf19e,0x10,0xf202-0xf1ae,0x54,0xf456-0xf202,0x254,0xf93a-0xf456,0x4e4,0xfee2-0xf93a,0x5a8,
apps-tests-TestPrintf.ihex,0x8092-0x767a,0xa18,0x81ea-0x8092,0x158,0x9906-0x81ea,0x171c,0xbbc6-0x9906,0x22c0,0xbd66-0xbbc6,0x1a0,0xc676-0xbd66,0x910,0xd46e-0xc676,0xdf8,0xd572-0xd46e,0x104,0xd606-0xd572,0x94,0xd6ae-0xd606,0xa8,0xd9ee-0xd6ae,0x340,0xd9fa-0xd9ee,0xc,0xe88a-0xd9fa,0xe90,0xf5a2-0xe88a,0xd18,0xfa66-0xf5a2,0x4c4,
tests-arbiters-TestFcfsArbiter.ihex,0x7122-0x7066,0xbc,0x87e6-0x7122,0x16c4,0x88e2-0x87e6,0xfc,0x8e1e-0x88e2,0x53c,0x8fca-0x8e1e,0x1ac,0x93b6-0x8fca,0x3ec,0x9b12-0x93b6,0x75c,0xa1d2-0x9b12,0x6c0,0xb276-0xa1d2,0x10a4,0xb79a-0xb276,0x524,0xc3ee-0xb79a,0xc54,0xcc22-0xc3ee,0x834,0xe87a-0xcc22,0x1c58,0xfc06-0xe87a,0x138c,0xfe2e-0xfc06,0x228,
tests-arbiters-TestRoundRobinArbiter.ihex,0x7bd4-0x6c20,0xfb4,0x9af0-0x7bd4,0x1f1c,0xaa58-0x9af0,0xf68,0xbbac-0xaa58,0x1154,0xc878-0xbbac,0xccc,0xce70-0xc878,0x5f8,0xd424-0xce70,0x5b4,0xdab8-0xd424,0x694,0xdb7c-0xdab8,0xc4,0xdf1c-0xdb7c,0x3a0,0xe584-0xdf1c,0x668,0xe9c4-0xe584,0x440,0xeef4-0xe9c4,0x530,0xf05c-0xeef4,0x168,0xfd88-0xf05c,0xd2c,
apps-tests-TestAM.ihex,0x8482-0x7d1e,0x764,0x8bee-0x8482,0x76c,0x9526-0x8bee,0x938,0xa50e-0x9526,0xfe8,0xb19e-0xa50e,0xc90,0xb30a-0xb19e,0x16c,0xc07e-0xb30a,0xd74,0xc976-0xc07e,0x8f8,0xd3ce-0xc976,0xa58,0xd88a-0xd3ce,0x4bc,0xe026-0xd88a,0x79c,0xe612-0xe026,0x5ec,0xe62a-0xe612,0x18,0xeab6-0xe62a,0x48c,0xefce-0xeab6,0x518,
apps-tests-TestSerialPrintf.ihex,0x5f4c-0x59ac,0x5a0,0x6130-0x5f4c,0x1e4,0x8b7c-0x6130,0x2a4c,0x9c38-0x8b7c,0x10bc,0x9d84-0x9c38,0x14c,0xa844-0x9d84,0xac0,0xad34-0xa844,0x4f0,0xaff0-0xad34,0x2bc,0xaff4-0xaff0,0x4,0xc29c-0xaff4,0x12a8,0xc448-0xc29c,0x1ac,0xcf88-0xc448,0xb40,0xd33c-0xcf88,0x3b4,0xd46c-0xd33c,0x130,0xe750-0xd46c,0x12e4,
apps-tests-TestLpl.ihex,0x86bc-0x74ac,0x1210,0x885c-0x86bc,0x1a0,0x8a20-0x885c,0x1c4,0x8f88-0x8a20,0x568,0xaae0-0x8f88,0x1b58,0xadfc-0xaae0,0x31c,0xc3d0-0xadfc,0x15d4,0xcc08-0xc3d0,0x838,0xd314-0xcc08,0x70c,0xdcbc-0xd314,0x9a8,0xe1c4-0xdcbc,0x508,0xee4c-0xe1c4,0xc88,0xf548-0xee4c,0x6fc,0xf87c-0xf548,0x334,0xfa00-0xf87c,0x184,
tests-msp430-AdcSimple.ihex,0x6e34-0x6a38,0x3fc,0x8f24-0x6e34,0x20f0,0x931c-0x8f24,0x3f8,0x93c0-0x931c,0xa4,0x94f4-0x93c0,0x134,0xaab8-0x94f4,0x15c4,0xac40-0xaab8,0x188,0xbcf0-0xac40,0x10b0,0xbda4-0xbcf0,0xb4,0xc4a4-0xbda4,0x700,0xcd90-0xc4a4,0x8ec,0xe938-0xcd90,0x1ba8,0xea58-0xe938,0x120,0xf628-0xea58,0xbd0,0xf79c-0xf628,0x174,
tests-msp430-Adc12.ihex,0x6fdc-0x6b88,0x454,0x799c-0x6fdc,0x9c0,0x8090-0x799c,0x6f4,0x88a8-0x8090,0x818,0xa0bc-0x88a8,0x1814,0xaae8-0xa0bc,0xa2c,0xb000-0xaae8,0x518,0xbe78-0xb000,0xe78,0xbfb0-0xbe78,0x138,0xc7b8-0xbfb0,0x808,0xde2c-0xc7b8,0x1674,0xe3f0-0xde2c,0x5c4,0xee30-0xe3f0,0xa40,0xfd14-0xee30,0xee4,0xffdc-0xfd14,0x2c8,
apps-tests-TestTymo.ihex,0xa956-0x9b7a,0xddc,0xaada-0xa956,0x184,0xaaee-0xaada,0x14,0xb426-0xaaee,0x938,0xb6b6-0xb426,0x290,0xbcae-0xb6b6,0x5f8,0xc10e-0xbcae,0x460,0xc746-0xc10e,0x638,0xc8de-0xc746,0x198,0xc9e2-0xc8de,0x104,0xd2c6-0xc9e2,0x8e4,0xe882-0xd2c6,0x15bc,0xebae-0xe882,0x32c,0xf4f2-0xebae,0x944,0xf506-0xf4f2,0x14,
apps-tests-TestAdc.ihex,0x913c-0x7cdc,0x1460,0x9658-0x913c,0x51c,0x9948-0x9658,0x2f0,0x9b28-0x9948,0x1e0,0xa0d8-0x9b28,0x5b0,0xa9ac-0xa0d8,0x8d4,0xb1d0-0xa9ac,0x824,0xb680-0xb1d0,0x4b0,0xb8d4-0xb680,0x254,0xc304-0xb8d4,0xa30,0xcfa0-0xc304,0xc9c,0xd650-0xcfa0,0x6b0,0xe2b4-0xd650,0xc64,0xfe70-0xe2b4,0x1bbc,0xfeac-0xfe70,0x3c,
apps-tutorials-PacketParrot.ihex,0x9da2-0x9c3e,0x164,0xa086-0x9da2,0x2e4,0xa1ea-0xa086,0x164,0xa3d2-0xa1ea,0x1e8,0xa56e-0xa3d2,0x19c,0xae52-0xa56e,0x8e4,0xb4ae-0xae52,0x65c,0xbaf6-0xb4ae,0x648,0xbe0e-0xbaf6,0x318,0xd60a-0xbe0e,0x17fc,0xdaf6-0xd60a,0x4ec,0xdc5e-0xdaf6,0x168,0xe042-0xdc5e,0x3e4,0xe5e2-0xe042,0x5a0,0xfe7a-0xe5e2,0x1898,
apps-tutorials-BlinkTask.ihex,0x5b1a-0x5776,0x3a4,0x73e6-0x5b1a,0x18cc,0x74c6-0x73e6,0xe0,0x8d36-0x74c6,0x1870,0x9146-0x8d36,0x410,0x95d6-0x9146,0x490,0xb1d6-0x95d6,0x1c00,0xbf62-0xb1d6,0xd8c,0xc6ca-0xbf62,0x768,0xd2a6-0xc6ca,0xbdc,0xd2da-0xd2a6,0x34,0xdf3a-0xd2da,0xc60,0xe8ea-0xdf3a,0x9b0,0xf9b6-0xe8ea,0x10cc,0xfab6-0xf9b6,0x100,
tutorials-LowPowerSensing-Sampler.ihex,0xb266-0xb082,0x1e4,0xb58e-0xb266,0x328,0xc85e-0xb58e,0x12d0,0xcdbe-0xc85e,0x560,0xd036-0xcdbe,0x278,0xd296-0xd036,0x260,0xd882-0xd296,0x5ec,0xdc9a-0xd882,0x418,0xe57a-0xdc9a,0x8e0,0xeef6-0xe57a,0x97c,0xef46-0xeef6,0x50,0xf152-0xef46,0x20c,0xf6da-0xf152,0x588,0xf852-0xf6da,0x178,0xfa52-0xf852,0x200,
tutorials-LowPowerSensing-Base.ihex,0x8f38-0x810c,0xe2c,0x9648-0x8f38,0x710,0x98c8-0x9648,0x280,0xa19c-0x98c8,0x8d4,0xa250-0xa19c,0xb4,0xa298-0xa250,0x48,0xa354-0xa298,0xbc,0xa884-0xa354,0x530,0xb164-0xa884,0x8e0,0xb978-0xb164,0x814,0xc110-0xb978,0x798,0xcca8-0xc110,0xb98,0xdfa4-0xcca8,0x12fc,0xe22c-0xdfa4,0x288,0xe824-0xe22c,0x5f8,
apps-tutorials-BlinkFail.ihex,0x5102-0x4ec6,0x23c,0x52ba-0x5102,0x1b8,0x5de6-0x52ba,0xb2c,0x6e5e-0x5de6,0x1078,0x8a5e-0x6e5e,0x1c00,0x8bda-0x8a5e,0x17c,0x949e-0x8bda,0x8c4,0x965e-0x949e,0x1c0,0x98b2-0x965e,0x254,0xa806-0x98b2,0xf54,0xb12a-0xa806,0x924,0xd0be-0xb12a,0x1f94,0xd656-0xd0be,0x598,0xe59e-0xd656,0xf48,0xf4c2-0xe59e,0xf24,
apps-tutorials-Printf.ihex,0x7748-0x6f34,0x814,0x77d4-0x7748,0x8c,0x7bdc-0x77d4,0x408,0x7e3c-0x7bdc,0x260,0x9a68-0x7e3c,0x1c2c,0xab64-0x9a68,0x10fc,0xabf0-0xab64,0x8c,0xba74-0xabf0,0xe84,0xbd2c-0xba74,0x2b8,0xbd60-0xbd2c,0x34,0xd21c-0xbd60,0x14bc,0xd4b4-0xd21c,0x298,0xd954-0xd4b4,0x4a0,0xdf00-0xd954,0x5ac,0xf370-0xdf00,0x1470,
apps-tutorials-BlinkConfig.ihex,0x7c3a-0x7aca,0x170,0x945a-0x7c3a,0x1820,0x9aba-0x945a,0x660,0x9b52-0x9aba,0x98,0xa556-0x9b52,0xa04,0xa9fe-0xa556,0x4a8,0xaece-0xa9fe,0x4d0,0xafb6-0xaece,0xe8,0xb0e2-0xafb6,0x12c,0xb2d6-0xb0e2,0x1f4,0xc1fa-0xb2d6,0xf24,0xd422-0xc1fa,0x1228,0xd73a-0xd422,0x318,0xec92-0xd73a,0x1558,0xf71a-0xec92,0xa88,
apps-tutorials-SharedResourceDemo.ihex,0x4faa-0x4eae,0xfc,0x51be-0x4faa,0x214,0x6906-0x51be,0x1748,0x7c96-0x6906,0x1390,0x7dce-0x7c96,0x138,0x820e-0x7dce,0x440,0x895e-0x820e,0x750,0x8b0a-0x895e,0x1ac,0xc4fa-0x8b0a,0x39f0,0xd0aa-0xc4fa,0xbb0,0xd2ba-0xd0aa,0x210,0xe2e6-0xd2ba,0x102c,0xe876-0xe2e6,0x590,0xeb56-0xe876,0x2e0,0xfc8e-0xeb56,0x1138,
tutorials-RssiDemo-SendingMote.ihex,0x71e4-0x7060,0x184,0x7664-0x71e4,0x480,0x7bec-0x7664,0x588,0x88e8-0x7bec,0xcfc,0x9490-0x88e8,0xba8,0x9ad8-0x9490,0x648,0x9e2c-0x9ad8,0x354,0xaa84-0x9e2c,0xc58,0xb4b4-0xaa84,0xa30,0xb918-0xb4b4,0x464,0xc86c-0xb918,0xf54,0xd93c-0xc86c,0x10d0,0xddc8-0xd93c,0x48c,0xe064-0xddc8,0x29c,0xf7cc-0xe064,0x1768,
tutorials-RssiDemo-RssiBase.ihex,0x926e-0x7ebe,0x13b0,0x98aa-0x926e,0x63c,0x9f2e-0x98aa,0x684,0xa546-0x9f2e,0x618,0xaee2-0xa546,0x99c,0xbc0a-0xaee2,0xd28,0xc952-0xbc0a,0xd48,0xd29e-0xc952,0x94c,0xd922-0xd29e,0x684,0xeeea-0xd922,0x15c8,0xefce-0xeeea,0xe4,0xf6b2-0xefce,0x6e4,0xf932-0xf6b2,0x280,0xf98a-0xf932,0x58,0xfede-0xf98a,0x554,
tutorials-RssiDemo-InterceptBase.ihex,0x8336-0x82a6,0x90,0x8a16-0x8336,0x6e0,0x8c3e-0x8a16,0x228,0xa0ce-0x8c3e,0x1490,0xa5ba-0xa0ce,0x4ec,0xa8aa-0xa5ba,0x2f0,0xaf2e-0xa8aa,0x684,0xb986-0xaf2e,0xa58,0xc236-0xb986,0x8b0,0xc6ee-0xc236,0x4b8,0xcdc2-0xc6ee,0x6d4,0xd666-0xcdc2,0x8a4,0xdd66-0xd666,0x700,0xedbe-0xdd66,0x1058,0xf432-0xedbe,0x674,
tinyos-main-apps-UDPEcho.ihex,0xef36-0xed52,0x1e4,0xef56-0xef36,0x20,0xefc6-0xef56,0x70,0xf15a-0xefc6,0x194,0xf17a-0xf15a,0x20,0xf17e-0xf17a,0x4,0xf1c6-0xf17e,0x48,0xf23e-0xf1c6,0x78,0xf4ce-0xf23e,0x290,0xf51a-0xf4ce,0x4c,0xf75a-0xf51a,0x240,0xf792-0xf75a,0x38,0xf952-0xf792,0x1c0,0xfb92-0xf952,0x240,0xfe0e-0xfb92,0x27c,
