tinyos-main-apps-BaseStation.ihex,           14462 bytes in ROM
tinyos-main-apps-BaseStation15.4.ihex,           13678 bytes in ROM
tinyos-main-apps-Blink.ihex,            2538 bytes in ROM
opt-tinyos-main-apps.ihex,           14462 bytes in ROM
apps-MOE-MOE-BroadCast.ihex,           14312 bytes in ROM
tinyos-main-apps-MultihopOscilloscope.ihex,           26324 bytes in ROM
tinyos-main-apps-MultihopOscilloscopeLqi.ihex,           23426 bytes in ROM
tinyos-main-apps-Null.ihex,            1328 bytes in ROM
tinyos-main-apps-Oscilloscope.ihex,           15830 bytes in ROM
tinyos-main-apps-Powerup.ihex,            1378 bytes in ROM
tinyos-main-apps-PPPSniffer.ihex,           13768 bytes in ROM
tinyos-main-apps-Sense.ihex,            6988 bytes in ROM
STMS-Coordinator-PWD-Test-src.ihex,           26460 bytes in ROM
STMS-EndDevice-src.ihex,           23204 bytes in ROM
STMS-Coordinator-src.ihex,           26702 bytes in ROM
STMS-EndDevice-PWD-Test-src.ihex,           23010 bytes in ROM
tinyos-main-apps-TCPEcho.ihex,           35304 bytes in ROM
tests-TestFtsp-FtspLplBeaconer.ihex,           12796 bytes in ROM
tests-TestFtsp-FtspLpl.ihex,           19106 bytes in ROM
apps-tests-TestTimerSync.ihex,           11160 bytes in ROM
apps-tests-LinkBench.ihex,           19938 bytes in ROM
apps-tests-TestPowerup.ihex,            1378 bytes in ROM
apps-tests-TestEui.ihex,            9046 bytes in ROM
apps-tests-TestScheduler.ihex,            6314 bytes in ROM
apps-tests-TestLocalTime.ihex,            5416 bytes in ROM
apps-tests-TestSrp.ihex,           12248 bytes in ROM
cc2420-TestSecurity-RadioCountToLeds1.ihex,           14546 bytes in ROM
cc2420-TestSecurity-BaseStation.ihex,           16716 bytes in ROM
tests-cc2420-LplUnicastPeriodicDelivery.ihex,           12606 bytes in ROM
tests-cc2420-TestAcks.ihex,           11234 bytes in ROM
tests-cc2420-LplBroadcastPeriodicDelivery.ihex,           12678 bytes in ROM
tests-tkn154-packetsniffer.ihex,           19418 bytes in ROM
beacon-enabled-TestIndirect-coordinator.ihex,           22926 bytes in ROM
beacon-enabled-TestIndirect-device.ihex,           22716 bytes in ROM
beacon-enabled-TestData-coordinator.ihex,           23748 bytes in ROM
apps-tests-TestPowerManager.ihex,           11400 bytes in ROM
tests-storage-CircularLog.ihex,           10648 bytes in ROM
tests-storage-Log.ihex,           10848 bytes in ROM
tests-storage-Config.ihex,           10916 bytes in ROM
tests-storage-Block.ihex,            9318 bytes in ROM
tests-storage-SyncLog.ihex,           10192 bytes in ROM
tests-telosb-TestUserButton.ihex,            3020 bytes in ROM
tests-TestLed-MultiLedSingle.ihex,            2622 bytes in ROM
tests-TestLed-LedColor.ihex,            5770 bytes in ROM
tests-TestLed-MultiLed.ihex,            5710 bytes in ROM
tests-TestLed-BlinkLed.ihex,            2582 bytes in ROM
apps-tests-RadioStress.ihex,           11410 bytes in ROM
apps-tests-TestNetworkLpl.ihex,           27008 bytes in ROM
tests-deluge-Blink.ihex,           24030 bytes in ROM
tests-deluge-Basestation.ihex,           29070 bytes in ROM
tests-deluge-GoldenImage.ihex,           28480 bytes in ROM
tests-deluge-SerialBlink.ihex,           27356 bytes in ROM
apps-tests-TestPrintf.ihex,            8584 bytes in ROM
tests-arbiters-TestFcfsArbiter.ihex,           10558 bytes in ROM
tests-arbiters-TestRoundRobinArbiter.ihex,           10748 bytes in ROM
apps-tests-TestAM.ihex,           10888 bytes in ROM
apps-tests-TestSerialPrintf.ihex,            4214 bytes in ROM
apps-tests-TestLpl.ihex,           12496 bytes in ROM
tests-msp430-AdcSimple.ihex,            4786 bytes in ROM
tests-msp430-Adc12.ihex,            9318 bytes in ROM
apps-tests-TestTymo.ihex,           20670 bytes in ROM
apps-tests-TestAdc.ihex,            7642 bytes in ROM
apps-tutorials-PacketParrot.ihex,           15024 bytes in ROM
apps-tutorials-BlinkTask.ihex,            2458 bytes in ROM
tutorials-LowPowerSensing-Sampler.ihex,           27034 bytes in ROM
tutorials-LowPowerSensing-Base.ihex,           16238 bytes in ROM
apps-tutorials-BlinkFail.ihex,            2558 bytes in ROM
apps-tutorials-Printf.ihex,            8602 bytes in ROM
apps-tutorials-BlinkConfig.ihex,           10142 bytes in ROM
apps-tutorials-SharedResourceDemo.ihex,            3282 bytes in ROM
tutorials-RssiDemo-SendingMote.ihex,           10986 bytes in ROM
tutorials-RssiDemo-RssiBase.ihex,           14382 bytes in ROM
tutorials-RssiDemo-InterceptBase.ihex,           14350 bytes in ROM
tinyos-main-apps-UDPEcho.ihex,           41830 bytes in ROM
