tinyos-main-apps-BaseStation.ihex , 16 , 1
nonbeacon-enabled-TestActiveScan-coordinator.ihex , 16 , 1
tinyos-main-apps-Blink.ihex , 16 , 1
apps-MOE-MOE-BaseStation.ihex , 16 , 1
apps-MOE-MOE-Attack_replay.ihex , 16 , 1
apps-MOE-MOE-BroadCast.ihex , 16 , 1
tinyos-main-apps-MultihopOscilloscope.ihex , 16 , 1
tinyos-main-apps-MultihopOscilloscopeLqi.ihex , 16 , 1
tinyos-main-apps-Null.ihex , 16 , 1
tinyos-main-apps-Oscilloscope.ihex , 16 , 1
tinyos-main-apps-Powerup.ihex , 16 , 1
tinyos-main-apps-PPPSniffer.ihex , 16 , 1
tinyos-main-apps-Sense.ihex , 16 , 1
L1-Secure-Coordinator-src.ihex , 16 , 1
L1-Secure-End-Device-src.ihex , 16 , 1
IEEE802154-Coordinator-src.ihex , 16 , 1
IEEE802154-End-Device-src.ihex , 16 , 1
tinyos-main-apps-TCPEcho.ihex , 16 , 1
tests-TestFtsp-FtspLplBeaconer.ihex , 16 , 1
tests-TestFtsp-FtspLpl.ihex , 16 , 1
apps-tests-TestTimerSync.ihex , 16 , 1
apps-tests-LinkBench.ihex , 16 , 1
apps-tests-TestPowerup.ihex , 16 , 1
apps-tests-TestEui.ihex , 16 , 1
apps-tests-TestScheduler.ihex , 16 , 1
apps-tests-TestLocalTime.ihex , 16 , 1
apps-tests-TestSrp.ihex , 16 , 1
cc2420-TestSecurity-RadioCountToLeds1.ihex , 16 , 1
cc2420-TestSecurity-BaseStation.ihex , 16 , 1
tests-cc2420-LplUnicastPeriodicDelivery.ihex , 16 , 1
tests-cc2420-TestAcks.ihex , 16 , 1
tests-cc2420-LplBroadcastPeriodicDelivery.ihex , 16 , 1
tests-tkn154-packetsniffer.ihex , 16 , 1
beacon-enabled-TestIndirect-coordinator.ihex , 16 , 1
beacon-enabled-TestIndirect-device.ihex , 16 , 1
beacon-enabled-TestData-coordinator.ihex , 16 , 1
beacon-enabled-TestData-device.ihex , 16 , 1
beacon-enabled-TestMultihop-router.ihex , 16 , 1
beacon-enabled-TestMultihop-device.ihex , 16 , 1
beacon-enabled-TestMultihop-pancoord.ihex , 16 , 1
beacon-enabled-TestAssociate-coordinator.ihex , 16 , 1
beacon-enabled-TestAssociate-device.ihex , 16 , 1
beacon-enabled-TestGTS-coordinator.ihex , 16 , 1
beacon-enabled-TestGTS-device.ihex , 16 , 1
beacon-enabled-TestStartSync-coordinator.ihex , 16 , 1
beacon-enabled-TestStartSync-device.ihex , 16 , 1
nonbeacon-enabled-TestActiveScan-coordinator.ihex , 16 , 1
nonbeacon-enabled-TestActiveScan-device.ihex , 16 , 1
nonbeacon-enabled-TestAssociate-coordinator.ihex , 16 , 1
nonbeacon-enabled-TestAssociate-device.ihex , 16 , 1
nonbeacon-enabled-TestIndirectData-coordinator.ihex , 16 , 1
nonbeacon-enabled-TestIndirectData-device.ihex , 16 , 1
tkn154-nonbeacon-enabled-TestPromiscuous.ihex , 16 , 1
apps-tests-TestNetwork.ihex , 16 , 1
apps-tests-TestPowerManager.ihex , 16 , 1
tests-storage-CircularLog.ihex , 16 , 1
tests-storage-Log.ihex , 16 , 1
tests-storage-Config.ihex , 16 , 1
tests-storage-Block.ihex , 16 , 1
tests-storage-SyncLog.ihex , 16 , 1
tests-telosb-TestUserButton.ihex , 16 , 1
tests-TestLed-MultiLedSingle.ihex , 16 , 1
tests-TestLed-LedColor.ihex , 16 , 1
tests-TestLed-MultiLed.ihex , 16 , 1
tests-TestLed-BlinkLed.ihex , 16 , 1
apps-tests-RadioStress.ihex , 16 , 1
apps-tests-TestNetworkLpl.ihex , 16 , 1
tests-deluge-Blink.ihex , 16 , 1
tests-deluge-Basestation.ihex , 16 , 1
tests-deluge-GoldenImage.ihex , 16 , 1
tests-deluge-SerialBlink.ihex , 16 , 1
apps-tests-TestPrintf.ihex , 16 , 1
tests-arbiters-TestFcfsArbiter.ihex , 16 , 1
tests-arbiters-TestRoundRobinArbiter.ihex , 16 , 1
apps-tests-TestAM.ihex , 16 , 1
apps-tests-TestSerialPrintf.ihex , 16 , 1
apps-tests-TestLpl.ihex , 16 , 1
tests-msp430-AdcSimple.ihex , 16 , 1
tests-msp430-Adc12.ihex , 16 , 1
apps-tests-TestTymo.ihex , 16 , 1
apps-tests-TestAdc.ihex , 16 , 1
apps-tutorials-PacketParrot.ihex , 16 , 1
apps-tutorials-BlinkTask.ihex , 16 , 1
tutorials-LowPowerSensing-Sampler.ihex , 16 , 1
tutorials-LowPowerSensing-Base.ihex , 16 , 1
apps-tutorials-BlinkFail.ihex , 16 , 1
apps-tutorials-Printf.ihex , 16 , 1
apps-tutorials-BlinkConfig.ihex , 16 , 1
apps-tutorials-SharedResourceDemo.ihex , 16 , 1
tutorials-RssiDemo-SendingMote.ihex , 16 , 1
tutorials-RssiDemo-RssiBase.ihex , 16 , 1
tutorials-RssiDemo-InterceptBase.ihex , 16 , 1
tinyos-main-apps-UDPEcho.ihex , 16 , 1
