tinyos-main-apps-BaseStation.ihex,0xa572,0xfa76,0xf42e,0xbfa2,0xf596,0xa3fa,0x8d1a,0xe67a,0xb9da,0xbffa,0xbeae,0xc7f6,0xe98a,0xf456,0x80f2,0xacc2,
nonbeacon-enabled-TestActiveScan-coordinator.ihex,0x7cfc,0xe484,0xf260,0x83f4,0xc674,0xef8c,0x8628,0xdba0,0xfefc,0xd0f4,0xfae4,0xcee8,0xbe24,0xfa3c,0xac18,0xad2c,
tinyos-main-apps-Blink.ihex,0x9a8a,0xd162,0x53fe,0xfdba,0xf7ca,0xf14a,0xc626,0x7dda,0xb36e,0x749e,0x70be,0x6672,0xb242,0xfef6,0xa396,0x8446,
apps-MOE-MOE-BaseStation.ihex,0x8cfa,0xd26a,0xa8e2,0xf272,0x92d2,0xf7a2,0xafb2,0xc18a,0xa82a,0x9dc6,0xb06a,0xa77a,0x972e,0xc02e,0x8e12,0xc4a6,
apps-MOE-MOE-Attack_replay.ihex,0x893e,0x81e6,0xb8e2,0xeda6,0x98c2,0xc8b6,0xa1d2,0x9062,0x83da,0xf34e,0xee52,0x907a,0x9a7e,0xb2ee,0x8c0a,0xeeaa,
apps-MOE-MOE-BroadCast.ihex,0xa842,0x9e26,0xbf7e,0xd26a,0x845a,0xaca6,0x9e5a,0xe4f2,0xbaba,0xb052,0x7e36,0xb9f6,0xdcaa,0xd68e,0xf12e,0x8af2,
tinyos-main-apps-MultihopOscilloscope.ihex,0xf70a,0xc40a,0xe2e6,0xe79e,0xea96,0xfcd2,0xedf6,0xc4fa,0xecf6,0xf066,0xf0aa,0xe15e,0xd126,0xdbae,0xbf7e,0xf376,
tinyos-main-apps-MultihopOscilloscopeLqi.ihex,0x9fda,0xecfa,0xc69e,0xfa56,0xc87a,0xa41e,0xc286,0xddb6,0xb1d2,0xc02a,0xeb62,0xc75e,0xb9c6,0xfbf2,0xa6f6,0xddf2,
tinyos-main-apps-Null.ihex,0x8fc6,0x5966,0xfefe,0x5bae,0x7b26,0x6d9a,0xbd06,0x9e7e,0x9e0a,0xa406,0xb3fa,0x8f1e,0xbd22,0x59c2,0xf9ca,0x6f16,
tinyos-main-apps-Oscilloscope.ihex,0xa964,0xf984,0x8eb0,0x90cc,0xbc48,0x8bd8,0xe428,0xf894,0xafdc,0xa784,0xbf38,0xa24c,0xd300,0xa3a4,0xa61c,0xae90,
tinyos-main-apps-Powerup.ihex,0xacec,0xbb38,0xd608,0xcda0,0x5924,0x5b58,0x4fe0,0xfc00,0x7998,0xeef8,0xbd64,0xda80,0x5b6c,0x61dc,0xa700,0xcccc,
tinyos-main-apps-PPPSniffer.ihex,0xcd4e,0xc026,0xb436,0xca3a,0x9b66,0xe83e,0xeed2,0xf392,0xe432,0xdc32,0x91fe,0xbaa6,0xea06,0xf8b2,0xa1b2,0xa0f6,
tinyos-main-apps-Sense.ihex,0xd93c,0xbdc8,0x6870,0x7210,0xc984,0x66ec,0x8bf8,0xf524,0x9174,0xb294,0x6560,0xba54,0xff74,0xa404,0x99b0,0x9ba0,
L1-Secure-Coordinator-src.ihex,0xf70e,0xa6e6,0x985a,0xf7e2,0xa952,0xc9c6,0xd84a,0x951e,0xbbc6,0xca9a,0xb82e,0xa3c6,0xaf0e,0xf0f2,0xaece,0xf86e,
L1-Secure-End-Device-src.ihex,0x8f5a,0xaf52,0xd91a,0xd77e,0xc8fa,0xb8aa,0xbc16,0xfc0e,0xee12,0x9f46,0xead2,0xe1e2,0xde0e,0xde6e,0xad5e,0xa466,
IEEE802154-Coordinator-src.ihex,0xa93c,0xd430,0xd360,0xe070,0xc1f8,0xe6d4,0xf42c,0xf0e0,0xb0bc,0xdda8,0xd888,0xd79c,0xaf78,0xc2e4,0xdc20,0xdfc4,
IEEE802154-End-Device-src.ihex,0xe8b6,0xbf66,0xf0ee,0x9ca2,0xe066,0xa026,0xa3fe,0xc0ce,0xb73e,0xc792,0xcde2,0xe54e,0xf656,0xb65e,0xd3ba,0xc09a,
tinyos-main-apps-TCPEcho.ihex,0xea3c,0xd168,0xf508,0xe130,0xd2e8,0xd84c,0xdfb0,0xede0,0xd324,0xea4c,0xd764,0xfa10,0xcd5c,0xe5b0,0xd69c,0xd4bc,
tests-TestFtsp-FtspLplBeaconer.ihex,0x9a48,0xb0e0,0xaf18,0xda5c,0xff84,0xa800,0xdcfc,0x8e64,0xee88,0xe04c,0xae5c,0xb5bc,0xab4c,0x98b4,0xa240,0x8c30,
tests-TestFtsp-FtspLpl.ihex,0xcce2,0xbbd2,0xdc3a,0xf766,0xbd1a,0xbe6a,0x8eca,0xdf96,0xe8b6,0xa8e2,0x9cc6,0xde4e,0x937e,0xa9fe,0xa71e,0xf66e,
apps-tests-TestTimerSync.ihex,0xc45a,0xd576,0x8336,0x6de2,0x92ba,0x8b5e,0xba02,0xad8e,0xe6ea,0xddfa,0xc432,0xa592,0xe5ce,0xfaaa,0x913a,0xbc1a,
apps-tests-LinkBench.ihex,0xc528,0xc398,0xe280,0xb570,0xeb1c,0xb70c,0xa824,0x9540,0xfaa4,0xd82c,0xc4c0,0xbb24,0x98d0,0xdbf0,0xd908,0xa384,
apps-tests-TestPowerup.ihex,0x8964,0xce18,0x8920,0xcaf8,0x5fe0,0x70a8,0xdaa0,0x7aa8,0xf064,0xf980,0xd178,0x91cc,0x58d8,0x6390,0x9930,0xb718,
apps-tests-TestEui.ihex,0xfcda,0x898e,0xce46,0xe10a,0xdb92,0xc33a,0xc252,0xdd5e,0x8196,0xc162,0x8ca6,0xc866,0xe772,0xfc56,0xa4d2,0xe482,
apps-tests-TestScheduler.ihex,0x7b82,0x62c6,0xb212,0x69f6,0x93da,0xcd06,0x635a,0xcd36,0xdc2a,0x942e,0xb57a,0x76d6,0xc8f6,0xce8a,0xdfba,0xed86,
apps-tests-TestLocalTime.ihex,0xfe46,0x63ba,0xd44a,0x57ae,0x96f2,0x682e,0x866a,0xf106,0xfcfa,0xaeb6,0xcb7a,0xbfa6,0xe8fa,0x705a,0x9932,0x77e6,
apps-tests-TestSrp.ihex,0xe374,0xcae4,0xa600,0xde4c,0xe0d0,0x9ef4,0x9a7c,0xf210,0xc3b0,0xe85c,0xb7d8,0xcba4,0xa5b4,0xaafc,0xc29c,0xcc6c,
cc2420-TestSecurity-RadioCountToLeds1.ihex,0xf8aa,0xbe8e,0xe6fa,0xa686,0xeeea,0x89b2,0x851e,0xde7a,0xb032,0x95ba,0xa992,0x9fea,0x8706,0xcdce,0xfaf6,0x94c6,
cc2420-TestSecurity-BaseStation.ihex,0x9a26,0x8486,0x8c8a,0xf30a,0x9ed6,0xcfa2,0xa926,0xfb8e,0xff2e,0xf85e,0x8ae2,0x8a36,0xcffe,0xe0b6,0xc4b2,0xae46,
tests-cc2420-LplUnicastPeriodicDelivery.ihex,0x8880,0xbb7c,0x8514,0xa29c,0xbd98,0xb428,0xa554,0x8808,0xf110,0xb034,0x80a4,0x881c,0x9478,0xbc68,0x793c,0x8364,
tests-cc2420-TestAcks.ihex,0xd04a,0xde4a,0xcc56,0xe6fe,0xe49e,0x7622,0xe906,0x8a2a,0xce5e,0xb666,0xaa2e,0xdf2e,0xf0ea,0xb252,0xbfda,0x9002,
tests-cc2420-LplBroadcastPeriodicDelivery.ihex,0xb060,0xa3c8,0xc484,0xe0ac,0xf8e4,0xa2b0,0xd81c,0xa648,0xda00,0xb7d0,0x9914,0xfc6c,0x82e4,0xee38,0xb2c4,0x8394,
tests-tkn154-packetsniffer.ihex,0xfa66,0x8f2a,0xb176,0xf05e,0xa46e,0xca6e,0xcdb6,0xeb26,0xa10e,0xb6ee,0xd12e,0x93de,0xe07a,0xee7e,0xb1d2,0xa732,
beacon-enabled-TestIndirect-coordinator.ihex,0xf644,0xb9a0,0xed48,0xeb54,0xc050,0xbc6c,0xdc6c,0xdcc0,0xc458,0xee5c,0xb30c,0xccec,0xd050,0xbbc4,0xfea8,0xa0f8,
beacon-enabled-TestIndirect-device.ihex,0xaa5e,0x9fb2,0xa2ea,0xedd2,0xc1ce,0xb176,0xe61a,0xa496,0x9b4e,0xe87e,0xc262,0xa55a,0x9e6e,0xa3aa,0xae42,0xd692,
beacon-enabled-TestData-coordinator.ihex,0xfdc4,0xeb10,0xe9a8,0xbd60,0xa178,0xf5a8,0xba58,0xc5a0,0xaeb0,0xe914,0xc770,0xe0e8,0xa87c,0xeab8,0xf3a4,0xd96c,
beacon-enabled-TestData-device.ihex,0xf0e2,0xd7d2,0xf822,0xcb1e,0xe046,0xef62,0xf33a,0xb41e,0xefb2,0xe5d2,0xd14a,0xda96,0xf90a,0xd34a,0xa92e,0xbe16,
beacon-enabled-TestMultihop-router.ihex,0xedce,0xfade,0xec46,0xdde6,0xe932,0xc696,0xc5fa,0xbeaa,0xce32,0xe2d2,0xf316,0xd282,0xec7a,0xe63a,0xe626,0xc2b6,
beacon-enabled-TestMultihop-device.ihex,0xeda8,0xb9e0,0xd9d8,0xf518,0xa97c,0xb628,0xf468,0xa3cc,0xe248,0xa6c4,0xbfbc,0xbbb0,0xd320,0xf584,0xf8e4,0xc6f4,
beacon-enabled-TestMultihop-pancoord.ihex,0xf4c4,0xc628,0xdee8,0xc26c,0xbf00,0xaf8c,0xd564,0xd4a8,0xddb0,0xd3b4,0xcde4,0xef50,0xb4b4,0xb89c,0xb168,0xd750,
beacon-enabled-TestAssociate-coordinator.ihex,0xeae4,0xf8f4,0xb0f4,0xeab4,0xbd4c,0xda00,0xde10,0xc4ac,0xca60,0xeba8,0xff1c,0xbbd0,0xcc1c,0xce38,0xa5a0,0xd8ec,
beacon-enabled-TestAssociate-device.ihex,0xcad2,0xa666,0xad56,0xa33e,0xe5de,0xf7f2,0xacaa,0xb526,0xf54a,0xd62a,0xe1ea,0xfb6a,0xf9f2,0xd782,0xfd96,0xc3de,
beacon-enabled-TestGTS-coordinator.ihex,0xfb98,0xe454,0xdca0,0xdc14,0xf334,0xe694,0xe74c,0xed50,0xfe48,0xffcc,0xe558,0xee3c,0xe148,0xe298,0xc994,0xe4e4,
beacon-enabled-TestGTS-device.ihex,0xae26,0xab6e,0xaf76,0xb496,0xecfa,0xbbc2,0xc326,0xcd32,0xd9c6,0xd976,0xd17e,0xf352,0xa466,0xf6ea,0xff6e,0xe0fe,
beacon-enabled-TestStartSync-coordinator.ihex,0xc114,0xff7c,0xa838,0xae00,0xc730,0xf4ac,0xb3ac,0xca28,0xad8c,0xac90,0xd5a0,0x9c8c,0xf150,0xc324,0xe0bc,0xd068,
beacon-enabled-TestStartSync-device.ihex,0xfa38,0xa6bc,0xad80,0xabc8,0xdc40,0xd71c,0xfb9c,0xe7b8,0xb8b0,0xf650,0x91b0,0xac68,0xac98,0xbdd4,0xb8c0,0x96bc,
nonbeacon-enabled-TestActiveScan-coordinator.ihex,0xadca,0xeabe,0xe3ba,0xf302,0xf736,0xbc62,0xcc9a,0xc132,0xe85e,0xf5c2,0xc38a,0xeb5e,0xc19a,0xbd56,0xf93a,0xc9f6,
nonbeacon-enabled-TestActiveScan-device.ihex,0xb28a,0xff32,0xa8be,0xcbb6,0xfc86,0xd386,0x93ba,0x9b66,0xadc6,0xf4d6,0xa3e6,0xadfa,0xfa8a,0xe7fa,0xd226,0xfcfe,
nonbeacon-enabled-TestAssociate-coordinator.ihex,0xaf18,0xe470,0xa8d0,0xa604,0xfb68,0xa4a8,0xbd9c,0xc410,0x93dc,0xdd4c,0xe04c,0x9d78,0x9df0,0xe01c,0xc8d4,0xaab8,
nonbeacon-enabled-TestAssociate-device.ihex,0xf382,0xc52a,0xe522,0x9b5a,0xded2,0xfeee,0xc1c2,0xa3ea,0xe736,0xfc86,0xc4da,0xda2e,0xee62,0xa762,0xe8a2,0xeaf2,
nonbeacon-enabled-TestIndirectData-coordinator.ihex,0x940a,0xd2d2,0xc07a,0xdebe,0xccf6,0x92e6,0xc56e,0xd302,0xe402,0x907a,0xb916,0xe202,0x95fa,0xd8e6,0xee36,0xa0ce,
nonbeacon-enabled-TestIndirectData-device.ihex,0xb5f4,0xd1d4,0xcad8,0xa374,0xe8b0,0xc474,0xb8ac,0xca0c,0xd2cc,0xc108,0x8e28,0xfe38,0x9bc8,0x9578,0xbdc8,0xaba8,
tkn154-nonbeacon-enabled-TestPromiscuous.ihex,0xbc80,0xfc9c,0xd820,0xc18c,0xb0fc,0xbfa0,0xc248,0xf73c,0xa3e8,0xe274,0xa770,0xa308,0xdc18,0xf344,0xe030,0x9d04,
apps-tests-TestNetwork.ihex,0xae8a,0xd2da,0xd9ae,0xead6,0xe6a2,0xc7fa,0xbff6,0xefca,0xec86,0xfb8a,0xf2d2,0xd94a,0xf426,0xb6b2,0xb846,0xde7a,
apps-tests-TestPowerManager.ihex,0x97f6,0xac3e,0xcaee,0xe36e,0xc87e,0x6e6e,0xfeca,0xfc9e,0x884e,0xa346,0xee5a,0x6f76,0xe506,0x7156,0xc736,0xb4c2,
tests-storage-CircularLog.ihex,0x87c0,0xf514,0x82ac,0xc4ac,0xdd20,0xef8c,0x7970,0xb50c,0xd43c,0xfbe0,0xf3f8,0xf8b0,0x9abc,0xe4c0,0xf408,0xc4e8,
tests-storage-Log.ihex,0x8c50,0xace4,0x8ddc,0x9944,0x8dac,0xc328,0x77f0,0xa998,0x7500,0x828c,0xc744,0x9efc,0xf534,0xd76c,0x9c08,0xc7bc,
tests-storage-Config.ihex,0xa694,0xf820,0xd218,0x7f30,0x7868,0x7254,0xe6a8,0xbb60,0xa428,0x9e28,0xcfe4,0xe2a8,0xd224,0xe678,0x7e04,0xf508,
tests-storage-Block.ihex,0xfdcc,0x89c8,0xafd0,0xef88,0xf498,0x8aac,0x7954,0x85cc,0xf1b4,0xd474,0xa520,0x9fac,0x8bb4,0xbc2c,0x9ef8,0xf8d0,
tests-storage-SyncLog.ihex,0x96de,0x9da2,0x919a,0x7e26,0x8dca,0xba66,0xac5e,0xfde6,0xb09a,0xb636,0xa656,0xd196,0xbf8e,0xa73a,0xb96a,0xc2be,
tests-telosb-TestUserButton.ihex,0xd0dc,0xf638,0x7570,0x7cbc,0x5bb4,0x6ee4,0xdfe0,0xb8e4,0x93f8,0xb628,0xeeec,0xd900,0xbeb4,0x8234,0xefb8,0xa6a0,
tests-TestLed-MultiLedSingle.ihex,0xf42e,0xeffe,0xe40a,0xd0f6,0xc682,0xf0b6,0xc086,0x5cb2,0xedea,0xeaae,0x7262,0xad62,0x63a6,0xceae,0xb3fe,0x76ae,
tests-TestLed-LedColor.ihex,0x82c0,0xc4e0,0xa5c8,0xa020,0xc708,0xbb58,0xb314,0xb7b8,0xf5f4,0x8394,0x9e90,0xa824,0xa3bc,0xb58c,0xc900,0xacd4,
tests-TestLed-MultiLed.ihex,0x638a,0xa846,0xeb16,0x96e2,0xc9ce,0x836a,0x9e22,0x8586,0x8e22,0xc1e6,0x8c66,0xd402,0x7fce,0xdcba,0xe90a,0xcb22,
tests-TestLed-BlinkLed.ihex,0xc52e,0xd1aa,0x7492,0x753a,0xa9be,0x8182,0xcfe6,0x968e,0x6a66,0x8bae,0xf9fe,0x54e6,0x8096,0x56d6,0x9d2a,0xe736,
apps-tests-RadioStress.ihex,0xeb0e,0xb47a,0xc132,0xdc3a,0xab82,0x83e2,0xcb12,0xad06,0xaf22,0xb2c2,0x7bda,0x6d9e,0xf20e,0x80fe,0xc88a,0xcaea,
apps-tests-TestNetworkLpl.ihex,0xff74,0xef5c,0xe318,0xde14,0xe4ec,0xdc90,0xf284,0xc318,0xd578,0xf504,0xb288,0xb1ec,0xe8f4,0xfbf8,0xcb94,0xaf48,
tests-deluge-Blink.ihex,0xca96,0xbf22,0xa252,0xf2c6,0xc53e,0xe1fe,0xcd32,0xfc26,0xacc6,0xdc1e,0xe5ca,0xe492,0xaeb2,0xaf4a,0xb192,0xe46e,
tests-deluge-Basestation.ihex,0xf504,0xec90,0xbda8,0xbfc8,0xef38,0xfa1c,0xd294,0xba00,0xfb40,0xe764,0xf048,0xd720,0xb4f8,0xce60,0xfcd4,0xde08,
tests-deluge-GoldenImage.ihex,0xe550,0xea68,0xe52c,0xba0c,0xd8f8,0xd20c,0xbcac,0xb95c,0xc1c8,0xd218,0xcd0c,0xc028,0xdc0c,0xbd24,0xd9ec,0xcb28,
tests-deluge-SerialBlink.ihex,0xfee2,0xb526,0xf116,0xb3c2,0xb152,0xdf16,0xcb02,0xf93a,0xea62,0xf456,0xf202,0xddca,0xf1ae,0xf19e,0xf152,0xbe9a,
apps-tests-TestPrintf.ihex,0xd9fa,0xd6ae,0xe88a,0xbd66,0x81ea,0xd46e,0x9906,0xd9ee,0xf5a2,0xc676,0xfa66,0xd606,0xbbc6,0x8092,0x767a,0xd572,
tests-arbiters-TestFcfsArbiter.ihex,0xe87a,0xb276,0xfc06,0x87e6,0x88e2,0xa1d2,0x8fca,0x93b6,0x9b12,0xcc22,0x8e1e,0xfe2e,0x7122,0x7066,0xb79a,0xc3ee,
tests-arbiters-TestRoundRobinArbiter.ihex,0xdb7c,0xf05c,0xfd88,0xc878,0xe9c4,0xce70,0xbbac,0x9af0,0xd424,0xdf1c,0xeef4,0xdab8,0xaa58,0xe584,0x7bd4,0x6c20,
apps-tests-TestAM.ihex,0xe026,0xb19e,0x8bee,0xeab6,0x7d1e,0x8482,0xb30a,0xd88a,0xc976,0xe612,0x9526,0xc07e,0xe62a,0xefce,0xa50e,0xd3ce,
apps-tests-TestSerialPrintf.ihex,0xad34,0x8b7c,0xd46c,0xcf88,0xaff4,0x9c38,0x6130,0x59ac,0x9d84,0xd33c,0xa844,0xaff0,0x5f4c,0xe750,0xc29c,0xc448,
apps-tests-TestLpl.ihex,0xf87c,0xadfc,0xcc08,0xee4c,0x74ac,0xf548,0x86bc,0xfa00,0x885c,0x8f88,0xd314,0xaae0,0xc3d0,0xe1c4,0x8a20,0xdcbc,
tests-msp430-AdcSimple.ihex,0x6e34,0x94f4,0xbcf0,0xea58,0x8f24,0x93c0,0xe938,0xc4a4,0x6a38,0xf79c,0xaab8,0xf628,0xcd90,0xac40,0x931c,0xbda4,
tests-msp430-Adc12.ihex,0xa0bc,0xb000,0xbe78,0xbfb0,0x6b88,0xde2c,0xc7b8,0x799c,0xee30,0xe3f0,0x6fdc,0xffdc,0x8090,0xfd14,0x88a8,0xaae8,
apps-tests-TestTymo.ihex,0xd2c6,0xaaee,0xebae,0xc9e2,0xc746,0xb426,0xbcae,0xa956,0xe882,0xaada,0xc8de,0xf4f2,0xb6b6,0xc10e,0x9b7a,0xf506,
apps-tests-TestAdc.ihex,0x9658,0xc304,0xb8d4,0x7cdc,0x913c,0x9948,0xb1d0,0xe2b4,0xfe70,0x9b28,0xd650,0xa9ac,0xa0d8,0xb680,0xcfa0,0xfeac,
apps-tutorials-PacketParrot.ihex,0xae52,0xa56e,0xbaf6,0xa086,0xa1ea,0x9da2,0xd60a,0xb4ae,0xa3d2,0xe042,0x9c3e,0xe5e2,0xbe0e,0xfe7a,0xdaf6,0xdc5e,
apps-tutorials-BlinkTask.ihex,0xd2da,0x74c6,0x8d36,0xfab6,0xdf3a,0xd2a6,0x5b1a,0xb1d6,0xf9b6,0x5776,0xc6ca,0xbf62,0x9146,0xe8ea,0x95d6,0x73e6,
tutorials-LowPowerSensing-Sampler.ihex,0xdc9a,0xf852,0xd882,0xeef6,0xcdbe,0xe57a,0xb58e,0xf152,0xb082,0xef46,0xc85e,0xb266,0xfa52,0xd036,0xd296,0xf6da,
tutorials-LowPowerSensing-Base.ihex,0xdfa4,0xcca8,0xc110,0xa884,0xb164,0x8f38,0xa354,0xb978,0x810c,0xe22c,0xa19c,0xa298,0xa250,0xe824,0x9648,0x98c8,
apps-tutorials-BlinkFail.ihex,0x98b2,0x5de6,0xf4c2,0xd0be,0xb12a,0x4ec6,0x965e,0x8a5e,0xd656,0x8bda,0xe59e,0xa806,0x5102,0x52ba,0x949e,0x6e5e,
apps-tutorials-Printf.ihex,0x6f34,0xd21c,0xab64,0x77d4,0xd954,0x7748,0xbd60,0xba74,0x9a68,0xd4b4,0x7e3c,0x7bdc,0xabf0,0xdf00,0xf370,0xbd2c,
apps-tutorials-BlinkConfig.ihex,0xb2d6,0xc1fa,0xafb6,0x9b52,0x9aba,0x7c3a,0xa9fe,0xd73a,0x945a,0x7aca,0xd422,0xb0e2,0xec92,0xf71a,0xa556,0xaece,
apps-tutorials-SharedResourceDemo.ihex,0x4eae,0xeb56,0xe876,0xe2e6,0x6906,0x895e,0x4faa,0x51be,0xc4fa,0xd2ba,0x7dce,0xfc8e,0x820e,0x7c96,0xd0aa,0x8b0a,
tutorials-RssiDemo-SendingMote.ihex,0xc86c,0x9490,0x7664,0x88e8,0xf7cc,0x9e2c,0x7060,0xb918,0xd93c,0xddc8,0xaa84,0xb4b4,0x7bec,0x9ad8,0x71e4,0xe064,
tutorials-RssiDemo-RssiBase.ihex,0x926e,0xefce,0xfede,0xf932,0xd29e,0xf6b2,0xd922,0xbc0a,0xc952,0xeeea,0xa546,0x9f2e,0xaee2,0x98aa,0x7ebe,0xf98a,
tutorials-RssiDemo-InterceptBase.ihex,0xd666,0xaf2e,0xdd66,0x82a6,0xa8aa,0xa5ba,0x8c3e,0xa0ce,0xedbe,0xc6ee,0xc236,0xb986,0xf432,0xcdc2,0x8a16,0x8336,
tinyos-main-apps-UDPEcho.ihex,0xfe0e,0xf4ce,0xfb92,0xf17e,0xf17a,0xef56,0xed52,0xf51a,0xef36,0xf1c6,0xf15a,0xf792,0xf75a,0xf23e,0xefc6,0xf952,
