apps-MOE-MOE-Attack_inject.ihex,0x450a,0x724e,0x450a,0x450a,0x7156,0x70ec,0x70ce,0x450a,0x7358,0x72fc,0x450a,0x450a,0x7130,0x7112,0x450a,0x4000,
apps-MOE-MOE-Attack_replay.ihex,0x45f4,0x7c50,0x7e02,0x7d7c,0x7b58,0x7aee,0x7ad0,0x45f4,0x7d5a,0x7cfe,0x45f4,0x45f4,0x7b32,0x7b14,0x45f4,0x4000,
apps-MOE-MOE-BaseStation.ihex,0x45f4,0x7c4a,0x7dfc,0x7d76,0x7b52,0x7ae8,0x7aca,0x45f4,0x7d54,0x7cf8,0x45f4,0x45f4,0x7b2c,0x7b0e,0x45f4,0x4000,
apps-MOE-MOE-BroadCast.ihex,0x450a,0x7424,0x450a,0x450a,0x732c,0x72c2,0x72a4,0x450a,0x752e,0x74d2,0x450a,0x450a,0x7306,0x72e8,0x450a,0x4000,
apps-tests-LinkBench.ihex,0x44ca,0x836c,0x44ca,0x44ca,0x8278,0x820e,0x81f0,0x44ca,0x8476,0x841a,0x44ca,0x44ca,0x8252,0x8234,0x44ca,0x4000,
apps-tests-RadioStress.ihex,0x451e,0x68fc,0x451e,0x451e,0x6808,0x679e,0x6780,0x451e,0x6a06,0x69aa,0x451e,0x451e,0x67e2,0x67c4,0x451e,0x4000,
apps-tests-TestAdc.ihex,0x444a,0x444a,0x444a,0x444a,0x444a,0x5b58,0x5b3a,0x5bc2,0x444a,0x444a,0x444a,0x444a,0x5b9c,0x5b7e,0x444a,0x4000,
apps-tests-TestAM.ihex,0x450e,0x66f6,0x450e,0x450e,0x6604,0x659a,0x657c,0x450e,0x6800,0x67a4,0x450e,0x450e,0x65de,0x65c0,0x450e,0x4000,
apps-tests-TestEui.ihex,0x4452,0x4452,0x586c,0x57e6,0x4452,0x4ff6,0x4fd8,0x4452,0x4452,0x4452,0x4452,0x4452,0x503a,0x501c,0x4452,0x4000,
apps-tests-TestLocalTime.ihex,0x4422,0x4422,0x5444,0x53be,0x4422,0x5354,0x5336,0x4422,0x4422,0x4422,0x4422,0x4422,0x5398,0x537a,0x4422,0x4000,
apps-tests-TestLpl.ihex,0x450a,0x6d3c,0x450a,0x450a,0x6c4a,0x6be0,0x6bc2,0x450a,0x6e46,0x6dea,0x450a,0x450a,0x6c24,0x6c06,0x450a,0x4000,
apps-tests-TestNetwork.ihex,0x46b0,0x9f86,0xa2a0,0xa21a,0x9e94,0x9e2a,0x9e0c,0xa0b2,0xa090,0xa034,0x46b0,0x46b0,0x9e6e,0x9e50,0x46b0,0x4000,
apps-tests-TestNetworkLpl.ihex,0x4662,0x9e6c,0xa186,0xa100,0x9d7a,0x9d10,0x9cf2,0x9f98,0x9f76,0x9f1a,0x4662,0x4662,0x9d54,0x9d36,0x4662,0x4000,
apps-tests-TestPowerManager.ihex,0x408a,0x408a,0x408a,0x408a,0x408a,0x63b8,0x631a,0x408a,0x408a,0x408a,0x408a,0x408a,0x672a,0x63de,0x408a,0x4000,
apps-tests-TestPowerup.ihex,0x43bc,0x43bc,0x43bc,0x43bc,0x43bc,0x44f4,0x44d6,0x43bc,0x43bc,0x43bc,0x43bc,0x43bc,0x4538,0x451a,0x43bc,0x4000,
apps-tests-TestPrintf.ihex,0x4454,0x4454,0x566a,0x55e4,0x4454,0x4fbc,0x4f9e,0x4454,0x4454,0x4454,0x4454,0x4454,0x5000,0x4fe2,0x4454,0x4000,
apps-tests-TestScheduler.ihex,0x408a,0x408a,0x408a,0x408a,0x408a,0x5566,0x54c8,0x408a,0x408a,0x408a,0x408a,0x408a,0x5622,0x558c,0x408a,0x4000,
apps-tests-TestSerialPrintf.ihex,0x42d0,0x42d0,0x460a,0x45b8,0x42d0,0x454a,0x452c,0x42d0,0x42d0,0x42d0,0x42d0,0x42d0,0x458e,0x4570,0x42d0,0x4000,
apps-tests-TestSrp.ihex,0x4574,0x6bc0,0x4574,0x4574,0x6ace,0x6a64,0x6a46,0x4574,0x6cca,0x6c6e,0x4574,0x4574,0x6aa8,0x6a8a,0x4574,0x4000,
apps-tests-TestTimerSync.ihex,0x4510,0x6804,0x4510,0x4510,0x6712,0x66a8,0x668a,0x4510,0x690e,0x68b2,0x4510,0x4510,0x66ec,0x66ce,0x4510,0x4000,
apps-tests-TestTymo.ihex,0x4584,0x8d2e,0x4584,0x4584,0x8c3c,0x8bd2,0x8bb4,0x4584,0x8e1a,0x8ddc,0x4584,0x4584,0x8c16,0x8bf8,0x4584,0x4000,
apps-tutorials-BlinkConfig.ihex,0x4432,0x4432,0x65b6,0x6530,0x4432,0x6448,0x642a,0x4432,0x650e,0x64b2,0x4432,0x4432,0x648c,0x646e,0x4432,0x4000,
apps-tutorials-BlinkFail.ihex,0x43e2,0x43e2,0x43e2,0x43e2,0x43e2,0x4990,0x4972,0x43e2,0x43e2,0x43e2,0x43e2,0x43e2,0x49d4,0x49b6,0x43e2,0x4000,
apps-tutorials-BlinkTask.ihex,0x43f0,0x43f0,0x43f0,0x43f0,0x43f0,0x48c2,0x48a4,0x43f0,0x43f0,0x43f0,0x43f0,0x43f0,0x4906,0x48e8,0x43f0,0x4000,
apps-tutorials-PacketParrot.ihex,0x4546,0x7662,0x4546,0x4546,0x7570,0x7506,0x74e8,0x4546,0x774e,0x7710,0x4546,0x4546,0x754a,0x752c,0x4546,0x4000,
apps-tutorials-Printf.ihex,0x4452,0x4452,0x567e,0x55f8,0x4452,0x4fbc,0x4f9e,0x4452,0x4452,0x4452,0x4452,0x4452,0x5000,0x4fe2,0x4452,0x4000,
apps-tutorials-SharedResourceDemo.ihex,0x43da,0x43da,0x43da,0x43da,0x43da,0x4bf8,0x4bda,0x43da,0x43da,0x43da,0x43da,0x43da,0x4c3c,0x4c1e,0x43da,0x4000,
BEACon-EnABlED-TEstAssoCiAtE-CoorDinAtor.ihEx,0x44E2,0x9B64,0x44E2,0x44E2,0x9A64,0x99FA,0x99DC,0x44E2,0x9C6E,0x9C12,0x44E2,0x44E2,0x9A3E,0x9A20,0x44E2,0x4000,
BEACon-EnABlED-TEstAssoCiAtE-DEviCE.ihEx,0x4530,0x9A30,0x4530,0x4530,0x9930,0x98C6,0x98A8,0x4530,0x9B3A,0x9ADE,0x4530,0x4530,0x990A,0x98EC,0x4530,0x4000,
BEACon-EnABlED-TEstDAtA-CoorDinAtor.ihEx,0x44E4,0x986E,0x44E4,0x44E4,0x976E,0x9704,0x96E6,0x44E4,0x9978,0x991C,0x44E4,0x44E4,0x9748,0x972A,0x44E4,0x4000,
BEACon-EnABlED-TEstDAtA-DEviCE.ihEx,0x451E,0x9826,0x451E,0x451E,0x9726,0x96BC,0x969E,0x451E,0x9930,0x98D4,0x451E,0x451E,0x9700,0x96E2,0x451E,0x4000,
BEACon-EnABlED-TEstGTS-CoorDinAtor.ihEx,0x4526,0xB4B4,0x4526,0x4526,0xB3B4,0xB34A,0xB32C,0x4526,0xB5BE,0xB562,0x4526,0x4526,0xB38E,0xB370,0x4526,0x4000,
BEACon-EnABlED-TEstGTS-DEviCE.ihEx,0x4516,0x9CD0,0x4516,0x4516,0x9BD0,0x9B66,0x9B48,0x4516,0x9DDA,0x9D7E,0x4516,0x4516,0x9BAA,0x9B8C,0x4516,0x4000,
BEACon-EnABlED-TEstInDirECt-CoorDinAtor.ihEx,0x44E4,0x95D6,0x44E4,0x44E4,0x94D6,0x946C,0x944E,0x44E4,0x96E0,0x9684,0x44E4,0x44E4,0x94B0,0x9492,0x44E4,0x4000,
BEACon-EnABlED-TEstInDirECt-DEviCE.ihEx,0x44E4,0x9502,0x44E4,0x44E4,0x9402,0x9398,0x937A,0x44E4,0x960C,0x95B0,0x44E4,0x44E4,0x93DC,0x93BE,0x44E4,0x4000,
BEACon-EnABlED-TEstMultihop-DEviCE.ihEx,0x4530,0x9AB8,0x4530,0x4530,0x99B8,0x994E,0x9930,0x4530,0x9BC2,0x9B66,0x4530,0x4530,0x9992,0x9974,0x4530,0x4000,
BEACon-EnABlED-TEstMultihop-pAnCoorD.ihEx,0x44DE,0xA096,0x44DE,0x44DE,0x9F96,0x9F2C,0x9F0E,0x44DE,0xA1A0,0xA144,0x44DE,0x44DE,0x9F70,0x9F52,0x44DE,0x4000,
BEACon-EnABlED-TEstMultihop-routEr.ihEx,0x4556,0xB02A,0x4556,0x4556,0xAF2A,0xAEC0,0xAEA2,0x4556,0xB134,0xB0D8,0x4556,0x4556,0xAF04,0xAEE6,0x4556,0x4000,
BEACon-EnABlED-TEstStArtSynC-CoorDinAtor.ihEx,0x44E4,0x92D0,0x44E4,0x44E4,0x91D0,0x9166,0x9148,0x44E4,0x93DA,0x937E,0x44E4,0x44E4,0x91AA,0x918C,0x44E4,0x4000,
BEACon-EnABlED-TEstStArtSynC-DEviCE.ihEx,0x44DA,0x8A60,0x44DA,0x44DA,0x8960,0x88F6,0x88D8,0x44DA,0x8B6A,0x8B0E,0x44DA,0x44DA,0x893A,0x891C,0x44DA,0x4000,
cc2420-TestSecurity-BaseStation.ihex,0x45ea,0x7bea,0x7d9c,0x7d16,0x7af2,0x7a88,0x7a6a,0x45ea,0x7cf4,0x7c98,0x45ea,0x45ea,0x7acc,0x7aae,0x45ea,0x4000,
cc2420-TestSecurity-RadioCountToLeds1.ihex,0x450e,0x750e,0x450e,0x450e,0x7416,0x73ac,0x738e,0x450e,0x7618,0x75bc,0x450e,0x450e,0x73f0,0x73d2,0x450e,0x4000,
nonBEACon-EnABlED-TEstACtivESCAn-CoorDinAtor.ihEx,0x44E4,0x88CC,0x44E4,0x44E4,0x87CC,0x8762,0x8744,0x44E4,0x89D6,0x897A,0x44E4,0x44E4,0x87A6,0x8788,0x44E4,0x4000,
nonBEACon-EnABlED-TEstACtivESCAn-DEviCE.ihEx,0x44E0,0x899E,0x44E0,0x44E0,0x889E,0x8834,0x8816,0x44E0,0x8AA8,0x8A4C,0x44E0,0x44E0,0x8878,0x885A,0x44E0,0x4000,
nonBEACon-EnABlED-TEstAssoCiAtE-CoorDinAtor.ihEx,0x44E4,0x8B2C,0x44E4,0x44E4,0x8A2C,0x89C2,0x89A4,0x44E4,0x8C36,0x8BDA,0x44E4,0x44E4,0x8A06,0x89E8,0x44E4,0x4000,
nonBEACon-EnABlED-TEstAssoCiAtE-DEviCE.ihEx,0x4530,0x8C5C,0x4530,0x4530,0x8B5C,0x8AF2,0x8AD4,0x4530,0x8D66,0x8D0A,0x4530,0x4530,0x8B36,0x8B18,0x4530,0x4000,
nonBEACon-EnABlED-TEstInDirECtDAtA-CoorDinAtor.ihEx,0x4512,0x8BDE,0x4512,0x4512,0x8ADE,0x8A74,0x8A56,0x4512,0x8CE8,0x8C8C,0x4512,0x4512,0x8AB8,0x8A9A,0x4512,0x4000,
nonBEACon-EnABlED-TEstInDirECtDAtA-DEviCE.ihEx,0x44E4,0x89E2,0x44E4,0x44E4,0x88E2,0x8878,0x885A,0x44E4,0x8AEC,0x8A90,0x44E4,0x44E4,0x88BC,0x889E,0x44E4,0x4000,
STMS-Coordinator-PWD-Test-src.ihex,0x4518,0x8dac,0x8bfa,0x8ba8,0x8cac,0x8b3a,0x8b1c,0x4518,0x8eb6,0x8e5a,0x4518,0x4518,0x8b7e,0x8b60,0x4518,0x4000,
STMS-Coordinator-src.ihex,0x4518,0x8e8e,0x8cdc,0x8c8a,0x8d8e,0x8c1c,0x8bfe,0x4518,0x8f98,0x8f3c,0x4518,0x4518,0x8c60,0x8c42,0x4518,0x4000,
STMS-EndDevice-PWD-Test-src.ihex,0x4544,0x9666,0x4544,0x4544,0x9560,0x94f6,0x94d8,0x4544,0x9770,0x9714,0x4544,0x4544,0x953a,0x951c,0x4544,0x4000,
STMS-EndDevice-src.ihex,0x4544,0x9728,0x4544,0x4544,0x9622,0x95b8,0x959a,0x4544,0x9832,0x97d6,0x4544,0x4544,0x95fc,0x95de,0x4544,0x4000,
tests-arbiters-TestFcfsArbiter.ihex,0x408a,0x408a,0x408a,0x408a,0x408a,0x60cc,0x602e,0x408a,0x408a,0x408a,0x408a,0x408a,0x643e,0x60f2,0x408a,0x4000,
tests-arbiters-TestRoundRobinArbiter.ihex,0x408a,0x408a,0x408a,0x408a,0x408a,0x613c,0x609e,0x408a,0x408a,0x408a,0x408a,0x408a,0x64ae,0x6162,0x408a,0x4000,
tests-cc2420-LplBroadcastPeriodicDelivery.ihex,0x4530,0x6df0,0x4530,0x4530,0x6cfe,0x6c94,0x6c76,0x4530,0x6efa,0x6e9e,0x4530,0x4530,0x6cd8,0x6cba,0x4530,0x4000,
tests-cc2420-LplUnicastPeriodicDelivery.ihex,0x4532,0x6da8,0x4532,0x4532,0x6cb6,0x6c4c,0x6c2e,0x4532,0x6eb2,0x6e56,0x4532,0x4532,0x6c90,0x6c72,0x4532,0x4000,
tests-cc2420-TestAcks.ihex,0x450c,0x684e,0x450c,0x450c,0x675c,0x66f2,0x66d4,0x450c,0x6958,0x68fc,0x450c,0x450c,0x6736,0x6718,0x450c,0x4000,
tests-deluge-Basestation.ihex,0x4fee,0xb2d2,0xb5bc,0xb536,0xb1de,0xb174,0xb156,0xb3e0,0xb3be,0xb380,0x4fee,0x4fee,0xb1b8,0xb19a,0x4fee,0x4000,
tests-deluge-Blink.ihex,0x4fce,0xa0d2,0x4fce,0x4fce,0x9fde,0x9f74,0x9f56,0xa1e0,0xa1be,0xa180,0x4fce,0x4fce,0x9fb8,0x9f9a,0x4fce,0x4000,
tests-deluge-GoldenImage.ihex,0x5002,0xb126,0xb410,0xb38a,0xb032,0xafc8,0xafaa,0xb234,0xb212,0xb1d4,0x5002,0x5002,0xb00c,0xafee,0x5002,0x4000,
tests-deluge-SerialBlink.ihex,0x5006,0xaba4,0xae8e,0xae08,0xaab0,0xaa46,0xaa28,0xacb2,0xac90,0xac52,0x5006,0x5006,0xaa8a,0xaa6c,0x5006,0x4000,
tests-msp430-Adc12.ihex,0x628c,0x4424,0x4424,0x4424,0x4424,0x5f90,0x5f72,0x5ffa,0x4424,0x4424,0x4424,0x4424,0x5fd4,0x5fb6,0x4424,0x4000,
tests-msp430-AdcSimple.ihex,0x43ec,0x43ec,0x43ec,0x43ec,0x43ec,0x5086,0x5068,0x50f0,0x43ec,0x43ec,0x43ec,0x43ec,0x50ca,0x50ac,0x43ec,0x4000,
tests-storage-Block.ihex,0x444e,0x444e,0x623a,0x61b4,0x444e,0x60cc,0x60ae,0x444e,0x6192,0x6136,0x444e,0x444e,0x6110,0x60f2,0x444e,0x4000,
tests-storage-CircularLog.ihex,0x4476,0x4476,0x672c,0x66a6,0x4476,0x65be,0x65a0,0x4476,0x6684,0x6628,0x4476,0x4476,0x6602,0x65e4,0x4476,0x4000,
tests-storage-Config.ihex,0x4468,0x4468,0x6972,0x68ec,0x4468,0x6804,0x67e6,0x4468,0x68ca,0x686e,0x4468,0x4468,0x6848,0x682a,0x4468,0x4000,
tests-storage-Log.ihex,0x4476,0x4476,0x67f4,0x676e,0x4476,0x6686,0x6668,0x4476,0x674c,0x66f0,0x4476,0x4476,0x66ca,0x66ac,0x4476,0x4000,
tests-storage-SyncLog.ihex,0x445e,0x445e,0x65a6,0x6520,0x445e,0x6438,0x641a,0x445e,0x64fe,0x64a2,0x445e,0x445e,0x647c,0x645e,0x445e,0x4000,
tests-telosb-TestUserButton.ihex,0x4418,0x4a8a,0x4418,0x4418,0x49dc,0x4972,0x4954,0x4418,0x4418,0x4418,0x4418,0x4418,0x49b6,0x4998,0x4418,0x4000,
tests-TestFtsp-FtspLpl.ihex,0x4576,0x77d4,0x4576,0x4576,0x76e2,0x7678,0x765a,0x4576,0x78de,0x7882,0x4576,0x4576,0x76bc,0x769e,0x4576,0x4000,
tests-TestFtsp-FtspLplBeaconer.ihex,0x4506,0x6e66,0x4506,0x4506,0x6d74,0x6d0a,0x6cec,0x4506,0x6f70,0x6f14,0x4506,0x4506,0x6d4e,0x6d30,0x4506,0x4000,
tests-TestLed-BlinkLed.ihex,0x43f0,0x43f0,0x43f0,0x43f0,0x43f0,0x49a8,0x498a,0x43f0,0x43f0,0x43f0,0x43f0,0x43f0,0x49ec,0x49ce,0x43f0,0x4000,
tests-TestLed-LedColor.ihex,0x4400,0x4400,0x4b88,0x4b36,0x4400,0x4ac8,0x4aaa,0x4400,0x4400,0x4400,0x4400,0x4400,0x4b0c,0x4aee,0x4400,0x4000,
tests-TestLed-MultiLed.ihex,0x4424,0x4424,0x4b78,0x4b26,0x4424,0x4ab8,0x4a9a,0x4424,0x4424,0x4424,0x4424,0x4424,0x4afc,0x4ade,0x4424,0x4000,
tests-TestLed-MultiLedSingle.ihex,0x43fc,0x43fc,0x43fc,0x43fc,0x43fc,0x49d0,0x49b2,0x43fc,0x43fc,0x43fc,0x43fc,0x43fc,0x4a14,0x49f6,0x43fc,0x4000,
tests-tkn154-packetsniffer.ihex,0x456c,0x86de,0x8890,0x880a,0x85de,0x8574,0x8556,0x456c,0x87e8,0x878c,0x456c,0x456c,0x85b8,0x859a,0x456c,0x4000,
tinyos-main-apps-BaseStation.ihex,0x45f4,0x734c,0x74fe,0x7478,0x725a,0x71f0,0x71d2,0x45f4,0x7456,0x73fa,0x45f4,0x45f4,0x7234,0x7216,0x45f4,0x4000,
tinyos-main-apps-Blink.ihex,0x43e2,0x43e2,0x43e2,0x43e2,0x43e2,0x497c,0x495e,0x43e2,0x43e2,0x43e2,0x43e2,0x43e2,0x49c0,0x49a2,0x43e2,0x4000,
tinyos-main-apps-MultihopOscilloscope.ihex,0x4702,0x9da8,0x9f5a,0x9ed4,0x9cb4,0x9ae2,0x9ac4,0x9b4c,0x9eb2,0x9e56,0x4702,0x4702,0x9b26,0x9b08,0x4702,0x4000,
tinyos-main-apps-MultihopOscilloscopeLqi.ihex,0x46da,0x9672,0x9824,0x979e,0x957e,0x93ac,0x938e,0x9416,0x977c,0x9720,0x46da,0x46da,0x93f0,0x93d2,0x46da,0x4000,
tinyos-main-apps-Null.ihex,0x438a,0x438a,0x438a,0x438a,0x438a,0x44c2,0x44a4,0x438a,0x438a,0x438a,0x438a,0x438a,0x4506,0x44e8,0x438a,0x4000,
tinyos-main-apps-Oscilloscope.ihex,0x4552,0x7898,0x4552,0x4552,0x77a6,0x773c,0x771e,0x79c4,0x79a2,0x7946,0x4552,0x4552,0x7780,0x7762,0x4552,0x4000,
tinyos-main-apps-Powerup.ihex,0x43bc,0x43bc,0x43bc,0x43bc,0x43bc,0x44f4,0x44d6,0x43bc,0x43bc,0x43bc,0x43bc,0x43bc,0x4538,0x451a,0x43bc,0x4000,
tinyos-main-apps-PPPSniffer.ihex,0x4680,0x7316,0x4680,0x4680,0x7214,0x7168,0x714e,0x4680,0x743a,0x73c8,0x4680,0x4680,0x71ee,0x71d0,0x4680,0x4000,
tinyos-main-apps-Sense.ihex,0x440a,0x440a,0x440a,0x440a,0x440a,0x58ca,0x58ac,0x5934,0x440a,0x440a,0x440a,0x440a,0x590e,0x58f0,0x440a,0x4000,
tinyos-main-apps-TCPEcho.ihex,0x4738,0xa19e,0x4738,0x4738,0xa0aa,0xa040,0xa022,0x4738,0xa2a8,0xa24c,0x4738,0x4738,0xa084,0xa066,0x4738,0x4000,
tinyos-main-apps-UDPEcho.ihex,0x475c,0xb580,0xb702,0xb6b0,0xb48c,0xb422,0xb404,0x475c,0xb68a,0xb62e,0x475c,0x475c,0xb466,0xb448,0x475c,0x4000,
tkn154-nonbeacon-enabled-TestPromiscuous.ihex,0x4548,0x85c0,0x8772,0x86ec,0x84c0,0x757a,0x755c,0x4548,0x86ca,0x866e,0x4548,0x4548,0x75be,0x75a0,0x4548,0x4000,
tutorials-LowPowerSensing-Base.ihex,0x454a,0x7bbe,0x7a6e,0x79e8,0x7aca,0x797e,0x7960,0x454a,0x7cc8,0x7c6c,0x454a,0x454a,0x79c2,0x79a4,0x454a,0x4000,
tutorials-LowPowerSensing-Sampler.ihex,0x4574,0x7f3c,0x4574,0x4574,0x7e48,0x7d7e,0x7d60,0x4574,0x7e26,0x7de8,0x4574,0x4574,0x7dc2,0x7da4,0x4574,0x4000,
tutorials-RssiDemo-InterceptBase.ihex,0x45ea,0x72dc,0x748e,0x7408,0x71ea,0x7180,0x7162,0x45ea,0x73e6,0x738a,0x45ea,0x45ea,0x71c4,0x71a6,0x45ea,0x4000,
tutorials-RssiDemo-RssiBase.ihex,0x45ea,0x72e6,0x7498,0x7412,0x71f4,0x718a,0x716c,0x45ea,0x73f0,0x7394,0x45ea,0x45ea,0x71ce,0x71b0,0x45ea,0x4000,
tutorials-RssiDemo-SendingMote.ihex,0x4510,0x6756,0x4510,0x4510,0x6664,0x65fa,0x65dc,0x4510,0x6860,0x6804,0x4510,0x4510,0x663e,0x6620,0x4510,0x4000,
